DEALER DEAL;PLAYER DEAL;DEALER CALL FLOP;PLAYER CALL FLOP;DEALER BET TURN;PLAYER BET TURN;DEALER BET RIVER;PLAYER BET RIVER;WINNER;COUNT;PERCENT
HIGH_CARD;HIGH_CARD;ONE_PAIR;HIGH_CARD;TWO_PAIR;HIGH_CARD;TWO_PAIR;FLUSH;Player;1;0.01%
ONE_PAIR;HIGH_CARD;ONE_PAIR;HIGH_CARD;ONE_PAIR;HIGH_CARD;ONE_PAIR;STRAIGHT;Player;5;0.05%
HIGH_CARD;HIGH_CARD;THREE_OF_A_KIND;ONE_PAIR;FULL_HOUSE;TWO_PAIR;FULL_HOUSE;TWO_PAIR;Player;7;0.07%
HIGH_CARD;HIGH_CARD;ONE_PAIR;STRAIGHT;ONE_PAIR;ONE_PAIR;TWO_PAIR;TWO_PAIR;Player;1;0.01%
HIGH_CARD;HIGH_CARD;FLUSH;ONE_PAIR;FLUSH;THREE_OF_A_KIND;FLUSH;THREE_OF_A_KIND;Player;1;0.01%
HIGH_CARD;HIGH_CARD;FLUSH;HIGH_CARD;FLUSH;ONE_PAIR;ONE_PAIR;TWO_PAIR;Player;1;0.01%
HIGH_CARD;HIGH_CARD;ONE_PAIR;HIGH_CARD;TWO_PAIR;FLUSH;TWO_PAIR;FLUSH;Player;2;0.02%
HIGH_CARD;ONE_PAIR;HIGH_CARD;THREE_OF_A_KIND;ONE_PAIR;THREE_OF_A_KIND;TWO_PAIR;THREE_OF_A_KIND;Player;1;0.01%
HIGH_CARD;HIGH_CARD;FLUSH;HIGH_CARD;HIGH_CARD;HIGH_CARD;ONE_PAIR;ONE_PAIR;Player;1;0.01%
HIGH_CARD;HIGH_CARD;HIGH_CARD;TWO_PAIR;ONE_PAIR;TWO_PAIR;ONE_PAIR;TWO_PAIR;Player;19;0.19%
HIGH_CARD;HIGH_CARD;HIGH_CARD;HIGH_CARD;ONE_PAIR;ONE_PAIR;FLUSH;STRAIGHT;Player;1;0.01%
HIGH_CARD;HIGH_CARD;ONE_PAIR;HIGH_CARD;ONE_PAIR;HIGH_CARD;ONE_PAIR;FLUSH;Player;7;0.07%
HIGH_CARD;HIGH_CARD;ONE_PAIR;STRAIGHT;THREE_OF_A_KIND;ONE_PAIR;FULL_HOUSE;TWO_PAIR;Player;1;0.01%
HIGH_CARD;ONE_PAIR;THREE_OF_A_KIND;FULL_HOUSE;THREE_OF_A_KIND;FULL_HOUSE;THREE_OF_A_KIND;FULL_HOUSE;Player;1;0.01%
HIGH_CARD;HIGH_CARD;HIGH_CARD;ONE_PAIR;FLUSH;THREE_OF_A_KIND;ONE_PAIR;THREE_OF_A_KIND;Player;1;0.01%
HIGH_CARD;HIGH_CARD;ONE_PAIR;ONE_PAIR;ONE_PAIR;ONE_PAIR;THREE_OF_A_KIND;TWO_PAIR;Player;16;0.16%
HIGH_CARD;ONE_PAIR;HIGH_CARD;ONE_PAIR;ONE_PAIR;THREE_OF_A_KIND;FLUSH;FULL_HOUSE;Player;1;0.01%
HIGH_CARD;HIGH_CARD;HIGH_CARD;HIGH_CARD;ONE_PAIR;ONE_PAIR;ONE_PAIR;ONE_PAIR;Player;327;3.27%
HIGH_CARD;HIGH_CARD;HIGH_CARD;TWO_PAIR;ONE_PAIR;TWO_PAIR;TWO_PAIR;FULL_HOUSE;Player;2;0.02%
HIGH_CARD;ONE_PAIR;HIGH_CARD;ONE_PAIR;HIGH_CARD;FLUSH;ONE_PAIR;FLUSH;Player;1;0.01%
HIGH_CARD;HIGH_CARD;STRAIGHT;HIGH_CARD;FLUSH;HIGH_CARD;FLUSH;HIGH_CARD;Player;1;0.01%
HIGH_CARD;HIGH_CARD;FLUSH;ONE_PAIR;FLUSH;TWO_PAIR;FLUSH;TWO_PAIR;Player;3;0.03%
HIGH_CARD;HIGH_CARD;HIGH_CARD;HIGH_CARD;HIGH_CARD;ONE_PAIR;STRAIGHT;FLUSH;Player;1;0.01%
HIGH_CARD;ONE_PAIR;HIGH_CARD;ONE_PAIR;HIGH_CARD;THREE_OF_A_KIND;ONE_PAIR;THREE_OF_A_KIND;Player;2;0.02%
ONE_PAIR;HIGH_CARD;ONE_PAIR;ONE_PAIR;ONE_PAIR;ONE_PAIR;TWO_PAIR;THREE_OF_A_KIND;Player;6;0.06%
HIGH_CARD;HIGH_CARD;ONE_PAIR;THREE_OF_A_KIND;TWO_PAIR;THREE_OF_A_KIND;TWO_PAIR;THREE_OF_A_KIND;Player;13;0.13%
HIGH_CARD;HIGH_CARD;HIGH_CARD;HIGH_CARD;HIGH_CARD;STRAIGHT;ONE_PAIR;HIGH_CARD;Player;3;0.03%
HIGH_CARD;HIGH_CARD;HIGH_CARD;HIGH_CARD;ONE_PAIR;ONE_PAIR;ONE_PAIR;FLUSH;Player;3;0.03%
ONE_PAIR;HIGH_CARD;ONE_PAIR;HIGH_CARD;ONE_PAIR;HIGH_CARD;THREE_OF_A_KIND;HIGH_CARD;Player;3;0.03%
HIGH_CARD;HIGH_CARD;HIGH_CARD;HIGH_CARD;STRAIGHT;HIGH_CARD;ONE_PAIR;ONE_PAIR;Player;7;0.07%
HIGH_CARD;HIGH_CARD;ONE_PAIR;HIGH_CARD;STRAIGHT;STRAIGHT;TWO_PAIR;ONE_PAIR;Player;1;0.01%
HIGH_CARD;HIGH_CARD;ONE_PAIR;THREE_OF_A_KIND;ONE_PAIR;THREE_OF_A_KIND;THREE_OF_A_KIND;FOUR_OF_A_KIND;Player;4;0.04%
HIGH_CARD;ONE_PAIR;HIGH_CARD;ONE_PAIR;ONE_PAIR;TWO_PAIR;THREE_OF_A_KIND;FULL_HOUSE;Player;1;0.01%
HIGH_CARD;ONE_PAIR;ONE_PAIR;ONE_PAIR;ONE_PAIR;ONE_PAIR;FLUSH;ONE_PAIR;Player;1;0.01%
HIGH_CARD;HIGH_CARD;STRAIGHT;HIGH_CARD;HIGH_CARD;HIGH_CARD;STRAIGHT;ONE_PAIR;Player;1;0.01%
ONE_PAIR;HIGH_CARD;TWO_PAIR;TWO_PAIR;TWO_PAIR;TWO_PAIR;TWO_PAIR;TWO_PAIR;Player;7;0.07%
HIGH_CARD;HIGH_CARD;ONE_PAIR;HIGH_CARD;ONE_PAIR;STRAIGHT;ONE_PAIR;STRAIGHT;Player;11;0.11%
HIGH_CARD;HIGH_CARD;HIGH_CARD;ONE_PAIR;ONE_PAIR;THREE_OF_A_KIND;ONE_PAIR;THREE_OF_A_KIND;Player;45;0.45%
ONE_PAIR;HIGH_CARD;THREE_OF_A_KIND;ONE_PAIR;THREE_OF_A_KIND;ONE_PAIR;FULL_HOUSE;TWO_PAIR;Player;2;0.02%
HIGH_CARD;HIGH_CARD;HIGH_CARD;ONE_PAIR;ONE_PAIR;ONE_PAIR;ONE_PAIR;STRAIGHT;Player;1;0.01%
HIGH_CARD;HIGH_CARD;ONE_PAIR;HIGH_CARD;ONE_PAIR;ONE_PAIR;FLUSH;ONE_PAIR;Player;1;0.01%
HIGH_CARD;HIGH_CARD;ONE_PAIR;ONE_PAIR;ONE_PAIR;FLUSH;FLUSH;ONE_PAIR;Player;2;0.02%
HIGH_CARD;ONE_PAIR;ONE_PAIR;FULL_HOUSE;ONE_PAIR;FULL_HOUSE;ONE_PAIR;FULL_HOUSE;Player;2;0.02%
HIGH_CARD;HIGH_CARD;ONE_PAIR;ONE_PAIR;STRAIGHT;ONE_PAIR;STRAIGHT;ONE_PAIR;Player;2;0.02%
HIGH_CARD;ONE_PAIR;HIGH_CARD;ONE_PAIR;STRAIGHT;ONE_PAIR;HIGH_CARD;ONE_PAIR;Player;1;0.01%
HIGH_CARD;HIGH_CARD;ONE_PAIR;THREE_OF_A_KIND;ONE_PAIR;THREE_OF_A_KIND;FLUSH;FLUSH;Player;1;0.01%
HIGH_CARD;HIGH_CARD;HIGH_CARD;HIGH_CARD;HIGH_CARD;HIGH_CARD;STRAIGHT;ONE_PAIR;Player;12;0.12%
HIGH_CARD;HIGH_CARD;HIGH_CARD;ONE_PAIR;HIGH_CARD;ONE_PAIR;FLUSH;TWO_PAIR;Player;7;0.07%
HIGH_CARD;HIGH_CARD;HIGH_CARD;ONE_PAIR;STRAIGHT;TWO_PAIR;FLUSH;TWO_PAIR;Player;1;0.01%
HIGH_CARD;HIGH_CARD;HIGH_CARD;HIGH_CARD;HIGH_CARD;HIGH_CARD;ONE_PAIR;ONE_PAIR;Draw Game;8;0.08%
ONE_PAIR;HIGH_CARD;ONE_PAIR;ONE_PAIR;TWO_PAIR;THREE_OF_A_KIND;TWO_PAIR;FULL_HOUSE;Player;3;0.03%
HIGH_CARD;HIGH_CARD;ONE_PAIR;HIGH_CARD;ONE_PAIR;STRAIGHT;THREE_OF_A_KIND;STRAIGHT;Player;1;0.01%
ONE_PAIR;HIGH_CARD;THREE_OF_A_KIND;ONE_PAIR;THREE_OF_A_KIND;ONE_PAIR;THREE_OF_A_KIND;ONE_PAIR;Player;11;0.11%
HIGH_CARD;HIGH_CARD;ONE_PAIR;HIGH_CARD;ONE_PAIR;HIGH_CARD;TWO_PAIR;HIGH_CARD;Player;51;0.51%
HIGH_CARD;HIGH_CARD;ONE_PAIR;HIGH_CARD;ONE_PAIR;HIGH_CARD;FLUSH;FLUSH;Player;8;0.08%
ONE_PAIR;HIGH_CARD;ONE_PAIR;HIGH_CARD;ONE_PAIR;ONE_PAIR;ONE_PAIR;ONE_PAIR;Player;18;0.18%
HIGH_CARD;HIGH_CARD;HIGH_CARD;ONE_PAIR;STRAIGHT;ONE_PAIR;HIGH_CARD;ONE_PAIR;Player;2;0.02%
HIGH_CARD;HIGH_CARD;ONE_PAIR;HIGH_CARD;STRAIGHT;HIGH_CARD;TWO_PAIR;HIGH_CARD;Player;1;0.01%
HIGH_CARD;HIGH_CARD;HIGH_CARD;HIGH_CARD;STRAIGHT;STRAIGHT;HIGH_CARD;HIGH_CARD;Player;2;0.02%
ONE_PAIR;ONE_PAIR;ONE_PAIR;ONE_PAIR;ONE_PAIR;ONE_PAIR;TWO_PAIR;TWO_PAIR;Player;3;0.03%
HIGH_CARD;HIGH_CARD;TWO_PAIR;ONE_PAIR;FULL_HOUSE;TWO_PAIR;FULL_HOUSE;TWO_PAIR;Player;10;0.1%
ONE_PAIR;HIGH_CARD;ONE_PAIR;HIGH_CARD;ONE_PAIR;HIGH_CARD;STRAIGHT;HIGH_CARD;Player;3;0.03%
HIGH_CARD;HIGH_CARD;TWO_PAIR;HIGH_CARD;FULL_HOUSE;ONE_PAIR;THREE_OF_A_KIND;TWO_PAIR;Player;1;0.01%
HIGH_CARD;HIGH_CARD;TWO_PAIR;ONE_PAIR;TWO_PAIR;TWO_PAIR;TWO_PAIR;TWO_PAIR;Player;14;0.14%
HIGH_CARD;HIGH_CARD;ONE_PAIR;THREE_OF_A_KIND;ONE_PAIR;THREE_OF_A_KIND;ONE_PAIR;FULL_HOUSE;Player;4;0.04%
HIGH_CARD;HIGH_CARD;HIGH_CARD;ONE_PAIR;HIGH_CARD;ONE_PAIR;FLUSH;ONE_PAIR;Player;9;0.09%
HIGH_CARD;ONE_PAIR;HIGH_CARD;ONE_PAIR;ONE_PAIR;ONE_PAIR;ONE_PAIR;FLUSH;Player;1;0.01%
HIGH_CARD;HIGH_CARD;HIGH_CARD;HIGH_CARD;FLUSH;HIGH_CARD;FLUSH;ONE_PAIR;Player;3;0.03%
ONE_PAIR;HIGH_CARD;THREE_OF_A_KIND;HIGH_CARD;THREE_OF_A_KIND;HIGH_CARD;THREE_OF_A_KIND;STRAIGHT;Player;1;0.01%
HIGH_CARD;HIGH_CARD;HIGH_CARD;ONE_PAIR;ONE_PAIR;TWO_PAIR;FLUSH;TWO_PAIR;Player;2;0.02%
HIGH_CARD;HIGH_CARD;HIGH_CARD;STRAIGHT;ONE_PAIR;STRAIGHT;ONE_PAIR;STRAIGHT;Player;2;0.02%
HIGH_CARD;HIGH_CARD;HIGH_CARD;HIGH_CARD;HIGH_CARD;STRAIGHT;ONE_PAIR;ONE_PAIR;Player;10;0.1%
HIGH_CARD;HIGH_CARD;HIGH_CARD;HIGH_CARD;HIGH_CARD;ONE_PAIR;STRAIGHT;ONE_PAIR;Player;9;0.09%
ONE_PAIR;HIGH_CARD;ONE_PAIR;HIGH_CARD;ONE_PAIR;ONE_PAIR;ONE_PAIR;TWO_PAIR;Player;2;0.02%
HIGH_CARD;HIGH_CARD;TWO_PAIR;TWO_PAIR;TWO_PAIR;TWO_PAIR;TWO_PAIR;TWO_PAIR;Player;18;0.18%
HIGH_CARD;HIGH_CARD;ONE_PAIR;STRAIGHT;ONE_PAIR;STRAIGHT;ONE_PAIR;STRAIGHT;Player;2;0.02%
HIGH_CARD;HIGH_CARD;HIGH_CARD;TWO_PAIR;ONE_PAIR;FULL_HOUSE;FLUSH;FULL_HOUSE;Player;1;0.01%
HIGH_CARD;ONE_PAIR;HIGH_CARD;ONE_PAIR;ONE_PAIR;THREE_OF_A_KIND;ONE_PAIR;THREE_OF_A_KIND;Player;1;0.01%
HIGH_CARD;HIGH_CARD;HIGH_CARD;HIGH_CARD;STRAIGHT;ONE_PAIR;STRAIGHT;TWO_PAIR;Player;1;0.01%
HIGH_CARD;HIGH_CARD;HIGH_CARD;HIGH_CARD;ONE_PAIR;HIGH_CARD;ONE_PAIR;FLUSH;Player;2;0.02%
HIGH_CARD;HIGH_CARD;FOUR_OF_A_KIND;THREE_OF_A_KIND;FOUR_OF_A_KIND;FULL_HOUSE;FOUR_OF_A_KIND;FULL_HOUSE;Player;1;0.01%
ONE_PAIR;HIGH_CARD;THREE_OF_A_KIND;ONE_PAIR;THREE_OF_A_KIND;ONE_PAIR;THREE_OF_A_KIND;TWO_PAIR;Player;3;0.03%
HIGH_CARD;HIGH_CARD;TWO_PAIR;ONE_PAIR;TWO_PAIR;FLUSH;TWO_PAIR;FLUSH;Player;2;0.02%
HIGH_CARD;HIGH_CARD;ONE_PAIR;ONE_PAIR;ONE_PAIR;ONE_PAIR;ONE_PAIR;ONE_PAIR;Player;612;6.12%
HIGH_CARD;HIGH_CARD;HIGH_CARD;ONE_PAIR;STRAIGHT;ONE_PAIR;STRAIGHT;ONE_PAIR;Player;11;0.11%
HIGH_CARD;HIGH_CARD;HIGH_CARD;STRAIGHT;STRAIGHT;STRAIGHT;STRAIGHT;STRAIGHT;Player;1;0.01%
HIGH_CARD;HIGH_CARD;HIGH_CARD;HIGH_CARD;ONE_PAIR;ONE_PAIR;ONE_PAIR;TWO_PAIR;Player;67;0.67%
HIGH_CARD;HIGH_CARD;HIGH_CARD;HIGH_CARD;HIGH_CARD;HIGH_CARD;HIGH_CARD;HIGH_CARD;Player;643;6.43%
HIGH_CARD;HIGH_CARD;ONE_PAIR;TWO_PAIR;ONE_PAIR;TWO_PAIR;TWO_PAIR;TWO_PAIR;Player;30;0.3%
HIGH_CARD;HIGH_CARD;HIGH_CARD;TWO_PAIR;STRAIGHT;TWO_PAIR;STRAIGHT;TWO_PAIR;Player;3;0.03%
HIGH_CARD;HIGH_CARD;ONE_PAIR;ONE_PAIR;ONE_PAIR;ONE_PAIR;TWO_PAIR;STRAIGHT;Player;1;0.01%
HIGH_CARD;HIGH_CARD;HIGH_CARD;ONE_PAIR;ONE_PAIR;THREE_OF_A_KIND;STRAIGHT;FULL_HOUSE;Player;1;0.01%
HIGH_CARD;HIGH_CARD;ONE_PAIR;FLUSH;ONE_PAIR;FLUSH;ONE_PAIR;HIGH_CARD;Player;1;0.01%
HIGH_CARD;HIGH_CARD;HIGH_CARD;STRAIGHT;HIGH_CARD;HIGH_CARD;HIGH_CARD;ONE_PAIR;Player;1;0.01%
HIGH_CARD;HIGH_CARD;ONE_PAIR;HIGH_CARD;ONE_PAIR;ONE_PAIR;TWO_PAIR;TWO_PAIR;Player;22;0.22%
HIGH_CARD;HIGH_CARD;HIGH_CARD;HIGH_CARD;FLUSH;HIGH_CARD;HIGH_CARD;HIGH_CARD;Player;1;0.01%
HIGH_CARD;HIGH_CARD;ONE_PAIR;HIGH_CARD;ONE_PAIR;ONE_PAIR;STRAIGHT;ONE_PAIR;Player;1;0.01%
HIGH_CARD;HIGH_CARD;HIGH_CARD;TWO_PAIR;HIGH_CARD;TWO_PAIR;ONE_PAIR;FULL_HOUSE;Player;9;0.09%
HIGH_CARD;HIGH_CARD;ONE_PAIR;ONE_PAIR;ONE_PAIR;ONE_PAIR;ONE_PAIR;TWO_PAIR;Player;90;0.9%
HIGH_CARD;HIGH_CARD;HIGH_CARD;HIGH_CARD;HIGH_CARD;HIGH_CARD;HIGH_CARD;HIGH_CARD;Draw Game;15;0.15%
HIGH_CARD;ONE_PAIR;ONE_PAIR;ONE_PAIR;ONE_PAIR;ONE_PAIR;TWO_PAIR;TWO_PAIR;Player;17;0.17%
HIGH_CARD;HIGH_CARD;ONE_PAIR;ONE_PAIR;FLUSH;ONE_PAIR;FLUSH;TWO_PAIR;Player;1;0.01%
HIGH_CARD;HIGH_CARD;ONE_PAIR;ONE_PAIR;THREE_OF_A_KIND;TWO_PAIR;THREE_OF_A_KIND;TWO_PAIR;Player;27;0.27%
ONE_PAIR;HIGH_CARD;ONE_PAIR;TWO_PAIR;ONE_PAIR;TWO_PAIR;ONE_PAIR;TWO_PAIR;Player;3;0.03%
HIGH_CARD;HIGH_CARD;HIGH_CARD;HIGH_CARD;HIGH_CARD;FLUSH;ONE_PAIR;ONE_PAIR;Player;1;0.01%
HIGH_CARD;HIGH_CARD;HIGH_CARD;ONE_PAIR;HIGH_CARD;ONE_PAIR;STRAIGHT;TWO_PAIR;Player;4;0.04%
HIGH_CARD;HIGH_CARD;HIGH_CARD;HIGH_CARD;ONE_PAIR;HIGH_CARD;FLUSH;FLUSH;Player;1;0.01%
HIGH_CARD;HIGH_CARD;FLUSH;HIGH_CARD;FLUSH;ONE_PAIR;ONE_PAIR;ONE_PAIR;Player;1;0.01%
HIGH_CARD;HIGH_CARD;HIGH_CARD;HIGH_CARD;ONE_PAIR;STRAIGHT;ONE_PAIR;HIGH_CARD;Player;1;0.01%
HIGH_CARD;HIGH_CARD;ONE_PAIR;ONE_PAIR;ONE_PAIR;ONE_PAIR;THREE_OF_A_KIND;THREE_OF_A_KIND;Draw Game;1;0.01%
HIGH_CARD;HIGH_CARD;STRAIGHT;ONE_PAIR;STRAIGHT;ONE_PAIR;STRAIGHT;TWO_PAIR;Player;1;0.01%
HIGH_CARD;HIGH_CARD;STRAIGHT;ONE_PAIR;STRAIGHT;ONE_PAIR;STRAIGHT;ONE_PAIR;Player;6;0.06%
HIGH_CARD;ONE_PAIR;ONE_PAIR;TWO_PAIR;ONE_PAIR;TWO_PAIR;THREE_OF_A_KIND;FULL_HOUSE;Player;3;0.03%
HIGH_CARD;ONE_PAIR;ONE_PAIR;ONE_PAIR;ONE_PAIR;THREE_OF_A_KIND;ONE_PAIR;THREE_OF_A_KIND;Player;5;0.05%
HIGH_CARD;HIGH_CARD;FLUSH;TWO_PAIR;FLUSH;TWO_PAIR;FLUSH;TWO_PAIR;Player;1;0.01%
HIGH_CARD;HIGH_CARD;HIGH_CARD;STRAIGHT;ONE_PAIR;ONE_PAIR;TWO_PAIR;ONE_PAIR;Player;1;0.01%
HIGH_CARD;HIGH_CARD;ONE_PAIR;HIGH_CARD;ONE_PAIR;FLUSH;FLUSH;STRAIGHT;Player;1;0.01%
HIGH_CARD;HIGH_CARD;HIGH_CARD;ONE_PAIR;ONE_PAIR;ONE_PAIR;FLUSH;THREE_OF_A_KIND;Player;1;0.01%
HIGH_CARD;HIGH_CARD;HIGH_CARD;HIGH_CARD;ONE_PAIR;HIGH_CARD;TWO_PAIR;STRAIGHT;Player;2;0.02%
HIGH_CARD;ONE_PAIR;ONE_PAIR;ONE_PAIR;ONE_PAIR;ONE_PAIR;TWO_PAIR;ONE_PAIR;Player;8;0.08%
HIGH_CARD;HIGH_CARD;ONE_PAIR;ONE_PAIR;ONE_PAIR;ONE_PAIR;THREE_OF_A_KIND;THREE_OF_A_KIND;Player;33;0.33%
HIGH_CARD;HIGH_CARD;TWO_PAIR;ONE_PAIR;TWO_PAIR;ONE_PAIR;TWO_PAIR;ONE_PAIR;Player;108;1.08%
HIGH_CARD;HIGH_CARD;TWO_PAIR;ONE_PAIR;TWO_PAIR;ONE_PAIR;FULL_HOUSE;THREE_OF_A_KIND;Player;5;0.05%
ONE_PAIR;HIGH_CARD;FULL_HOUSE;THREE_OF_A_KIND;FULL_HOUSE;THREE_OF_A_KIND;FULL_HOUSE;THREE_OF_A_KIND;Player;2;0.02%
HIGH_CARD;HIGH_CARD;HIGH_CARD;HIGH_CARD;ONE_PAIR;FLUSH;TWO_PAIR;FLUSH;Player;3;0.03%
HIGH_CARD;HIGH_CARD;ONE_PAIR;ONE_PAIR;ONE_PAIR;ONE_PAIR;ONE_PAIR;FLUSH;Player;6;0.06%
HIGH_CARD;HIGH_CARD;ONE_PAIR;ONE_PAIR;TWO_PAIR;TWO_PAIR;FULL_HOUSE;TWO_PAIR;Player;2;0.02%
HIGH_CARD;HIGH_CARD;STRAIGHT;ONE_PAIR;ONE_PAIR;TWO_PAIR;ONE_PAIR;TWO_PAIR;Player;1;0.01%
HIGH_CARD;HIGH_CARD;HIGH_CARD;ONE_PAIR;HIGH_CARD;ONE_PAIR;HIGH_CARD;STRAIGHT;Player;4;0.04%
HIGH_CARD;HIGH_CARD;TWO_PAIR;HIGH_CARD;TWO_PAIR;ONE_PAIR;FULL_HOUSE;TWO_PAIR;Player;2;0.02%
ONE_PAIR;HIGH_CARD;ONE_PAIR;ONE_PAIR;STRAIGHT;ONE_PAIR;STRAIGHT;ONE_PAIR;Player;1;0.01%
HIGH_CARD;HIGH_CARD;HIGH_CARD;ONE_PAIR;HIGH_CARD;ONE_PAIR;ONE_PAIR;STRAIGHT;Player;1;0.01%
ONE_PAIR;HIGH_CARD;FOUR_OF_A_KIND;TWO_PAIR;FOUR_OF_A_KIND;TWO_PAIR;FOUR_OF_A_KIND;TWO_PAIR;Player;1;0.01%
HIGH_CARD;HIGH_CARD;ONE_PAIR;ONE_PAIR;ONE_PAIR;TWO_PAIR;STRAIGHT;TWO_PAIR;Player;5;0.05%
ONE_PAIR;HIGH_CARD;ONE_PAIR;ONE_PAIR;ONE_PAIR;ONE_PAIR;FLUSH;ONE_PAIR;Player;1;0.01%
HIGH_CARD;HIGH_CARD;HIGH_CARD;HIGH_CARD;STRAIGHT;STRAIGHT;STRAIGHT;HIGH_CARD;Player;1;0.01%
ONE_PAIR;HIGH_CARD;ONE_PAIR;HIGH_CARD;ONE_PAIR;HIGH_CARD;ONE_PAIR;FLUSH;Player;4;0.04%
HIGH_CARD;HIGH_CARD;HIGH_CARD;HIGH_CARD;STRAIGHT;STRAIGHT;HIGH_CARD;STRAIGHT;Player;1;0.01%
HIGH_CARD;HIGH_CARD;HIGH_CARD;HIGH_CARD;STRAIGHT;HIGH_CARD;ONE_PAIR;HIGH_CARD;Player;4;0.04%
ONE_PAIR;ONE_PAIR;ONE_PAIR;THREE_OF_A_KIND;TWO_PAIR;FULL_HOUSE;TWO_PAIR;FULL_HOUSE;Player;1;0.01%
HIGH_CARD;HIGH_CARD;ONE_PAIR;TWO_PAIR;TWO_PAIR;TWO_PAIR;TWO_PAIR;FULL_HOUSE;Player;1;0.01%
HIGH_CARD;HIGH_CARD;ONE_PAIR;ONE_PAIR;ONE_PAIR;TWO_PAIR;TWO_PAIR;TWO_PAIR;Player;29;0.29%
HIGH_CARD;HIGH_CARD;ONE_PAIR;THREE_OF_A_KIND;ONE_PAIR;THREE_OF_A_KIND;ONE_PAIR;THREE_OF_A_KIND;Player;41;0.41%
HIGH_CARD;HIGH_CARD;STRAIGHT;HIGH_CARD;STRAIGHT;HIGH_CARD;ONE_PAIR;HIGH_CARD;Player;1;0.01%
HIGH_CARD;HIGH_CARD;HIGH_CARD;ONE_PAIR;ONE_PAIR;THREE_OF_A_KIND;STRAIGHT;THREE_OF_A_KIND;Player;1;0.01%
HIGH_CARD;ONE_PAIR;TWO_PAIR;THREE_OF_A_KIND;TWO_PAIR;THREE_OF_A_KIND;TWO_PAIR;THREE_OF_A_KIND;Player;1;0.01%
HIGH_CARD;HIGH_CARD;HIGH_CARD;ONE_PAIR;HIGH_CARD;ONE_PAIR;FLUSH;FLUSH;Player;5;0.05%
HIGH_CARD;ONE_PAIR;THREE_OF_A_KIND;TWO_PAIR;THREE_OF_A_KIND;TWO_PAIR;THREE_OF_A_KIND;FULL_HOUSE;Player;1;0.01%
HIGH_CARD;HIGH_CARD;ONE_PAIR;HIGH_CARD;FLUSH;HIGH_CARD;FLUSH;HIGH_CARD;Player;2;0.02%
HIGH_CARD;HIGH_CARD;HIGH_CARD;ONE_PAIR;STRAIGHT;STRAIGHT;HIGH_CARD;STRAIGHT;Player;1;0.01%
HIGH_CARD;HIGH_CARD;ONE_PAIR;ONE_PAIR;FLUSH;TWO_PAIR;FLUSH;FULL_HOUSE;Player;1;0.01%
HIGH_CARD;HIGH_CARD;HIGH_CARD;ONE_PAIR;ONE_PAIR;ONE_PAIR;TWO_PAIR;THREE_OF_A_KIND;Player;7;0.07%
HIGH_CARD;HIGH_CARD;HIGH_CARD;HIGH_CARD;HIGH_CARD;HIGH_CARD;STRAIGHT;HIGH_CARD;Player;41;0.41%
HIGH_CARD;ONE_PAIR;HIGH_CARD;THREE_OF_A_KIND;ONE_PAIR;FULL_HOUSE;TWO_PAIR;FULL_HOUSE;Player;2;0.02%
HIGH_CARD;HIGH_CARD;HIGH_CARD;ONE_PAIR;HIGH_CARD;TWO_PAIR;ONE_PAIR;TWO_PAIR;Player;23;0.23%
HIGH_CARD;HIGH_CARD;ONE_PAIR;HIGH_CARD;ONE_PAIR;HIGH_CARD;ONE_PAIR;HIGH_CARD;Player;526;5.26%
HIGH_CARD;HIGH_CARD;HIGH_CARD;STRAIGHT;HIGH_CARD;STRAIGHT;HIGH_CARD;ONE_PAIR;Player;1;0.01%
HIGH_CARD;HIGH_CARD;ONE_PAIR;HIGH_CARD;ONE_PAIR;ONE_PAIR;TWO_PAIR;ONE_PAIR;Player;16;0.16%
HIGH_CARD;HIGH_CARD;TWO_PAIR;STRAIGHT;TWO_PAIR;STRAIGHT;TWO_PAIR;STRAIGHT;Player;1;0.01%
HIGH_CARD;HIGH_CARD;ONE_PAIR;ONE_PAIR;ONE_PAIR;TWO_PAIR;FLUSH;TWO_PAIR;Player;3;0.03%
HIGH_CARD;HIGH_CARD;HIGH_CARD;STRAIGHT;HIGH_CARD;STRAIGHT;ONE_PAIR;STRAIGHT;Player;2;0.02%
HIGH_CARD;HIGH_CARD;ONE_PAIR;ONE_PAIR;FLUSH;ONE_PAIR;FLUSH;ONE_PAIR;Player;7;0.07%
HIGH_CARD;HIGH_CARD;HIGH_CARD;HIGH_CARD;HIGH_CARD;ONE_PAIR;HIGH_CARD;TWO_PAIR;Player;19;0.19%
HIGH_CARD;HIGH_CARD;STRAIGHT;HIGH_CARD;STRAIGHT;HIGH_CARD;STRAIGHT;HIGH_CARD;Player;1;0.01%
HIGH_CARD;HIGH_CARD;HIGH_CARD;HIGH_CARD;ONE_PAIR;ONE_PAIR;TWO_PAIR;STRAIGHT;Player;1;0.01%
HIGH_CARD;ONE_PAIR;HIGH_CARD;THREE_OF_A_KIND;HIGH_CARD;THREE_OF_A_KIND;HIGH_CARD;THREE_OF_A_KIND;Player;20;0.2%
HIGH_CARD;HIGH_CARD;HIGH_CARD;HIGH_CARD;HIGH_CARD;FLUSH;HIGH_CARD;FLUSH;Player;8;0.08%
HIGH_CARD;HIGH_CARD;HIGH_CARD;HIGH_CARD;ONE_PAIR;HIGH_CARD;TWO_PAIR;ONE_PAIR;Player;61;0.61%
HIGH_CARD;ONE_PAIR;HIGH_CARD;ONE_PAIR;ONE_PAIR;TWO_PAIR;TWO_PAIR;TWO_PAIR;Player;13;0.13%
HIGH_CARD;HIGH_CARD;HIGH_CARD;HIGH_CARD;ONE_PAIR;ONE_PAIR;THREE_OF_A_KIND;THREE_OF_A_KIND;Player;24;0.24%
HIGH_CARD;HIGH_CARD;ONE_PAIR;ONE_PAIR;THREE_OF_A_KIND;THREE_OF_A_KIND;FULL_HOUSE;FULL_HOUSE;Player;2;0.02%
HIGH_CARD;HIGH_CARD;ONE_PAIR;FULL_HOUSE;ONE_PAIR;FULL_HOUSE;ONE_PAIR;FULL_HOUSE;Player;3;0.03%
HIGH_CARD;HIGH_CARD;ONE_PAIR;HIGH_CARD;ONE_PAIR;ONE_PAIR;ONE_PAIR;ONE_PAIR;Player;106;1.06%
HIGH_CARD;HIGH_CARD;ONE_PAIR;ONE_PAIR;TWO_PAIR;TWO_PAIR;FULL_HOUSE;FULL_HOUSE;Player;9;0.09%
HIGH_CARD;HIGH_CARD;HIGH_CARD;HIGH_CARD;HIGH_CARD;HIGH_CARD;ONE_PAIR;FLUSH;Player;14;0.14%
HIGH_CARD;HIGH_CARD;HIGH_CARD;HIGH_CARD;ONE_PAIR;ONE_PAIR;FLUSH;FLUSH;Player;2;0.02%
HIGH_CARD;HIGH_CARD;STRAIGHT;HIGH_CARD;STRAIGHT;ONE_PAIR;ONE_PAIR;TWO_PAIR;Player;1;0.01%
HIGH_CARD;HIGH_CARD;ONE_PAIR;THREE_OF_A_KIND;ONE_PAIR;FULL_HOUSE;ONE_PAIR;FULL_HOUSE;Player;6;0.06%
HIGH_CARD;HIGH_CARD;HIGH_CARD;HIGH_CARD;ONE_PAIR;ONE_PAIR;ONE_PAIR;STRAIGHT;Player;7;0.07%
HIGH_CARD;HIGH_CARD;ONE_PAIR;ONE_PAIR;TWO_PAIR;TWO_PAIR;FLUSH;TWO_PAIR;Player;2;0.02%
HIGH_CARD;ONE_PAIR;ONE_PAIR;TWO_PAIR;TWO_PAIR;TWO_PAIR;TWO_PAIR;FULL_HOUSE;Player;1;0.01%
HIGH_CARD;HIGH_CARD;THREE_OF_A_KIND;TWO_PAIR;FULL_HOUSE;TWO_PAIR;FULL_HOUSE;TWO_PAIR;Player;1;0.01%
HIGH_CARD;HIGH_CARD;HIGH_CARD;HIGH_CARD;STRAIGHT;HIGH_CARD;STRAIGHT;HIGH_CARD;Player;13;0.13%
HIGH_CARD;HIGH_CARD;ONE_PAIR;HIGH_CARD;FLUSH;ONE_PAIR;FLUSH;ONE_PAIR;Player;2;0.02%
HIGH_CARD;ONE_PAIR;ONE_PAIR;ONE_PAIR;THREE_OF_A_KIND;TWO_PAIR;FULL_HOUSE;TWO_PAIR;Player;1;0.01%
HIGH_CARD;HIGH_CARD;HIGH_CARD;STRAIGHT;HIGH_CARD;STRAIGHT;ONE_PAIR;TWO_PAIR;Player;1;0.01%
HIGH_CARD;HIGH_CARD;TWO_PAIR;ONE_PAIR;TWO_PAIR;ONE_PAIR;TWO_PAIR;TWO_PAIR;Player;17;0.17%
ONE_PAIR;ONE_PAIR;ONE_PAIR;ONE_PAIR;ONE_PAIR;ONE_PAIR;THREE_OF_A_KIND;ONE_PAIR;Player;2;0.02%
HIGH_CARD;HIGH_CARD;STRAIGHT;ONE_PAIR;STRAIGHT;ONE_PAIR;HIGH_CARD;ONE_PAIR;Player;1;0.01%
HIGH_CARD;HIGH_CARD;HIGH_CARD;HIGH_CARD;FLUSH;HIGH_CARD;HIGH_CARD;ONE_PAIR;Player;1;0.01%
ONE_PAIR;HIGH_CARD;ONE_PAIR;ONE_PAIR;FLUSH;ONE_PAIR;FLUSH;ONE_PAIR;Player;1;0.01%
HIGH_CARD;HIGH_CARD;HIGH_CARD;HIGH_CARD;HIGH_CARD;ONE_PAIR;HIGH_CARD;FLUSH;Player;1;0.01%
HIGH_CARD;HIGH_CARD;THREE_OF_A_KIND;THREE_OF_A_KIND;FULL_HOUSE;THREE_OF_A_KIND;FULL_HOUSE;THREE_OF_A_KIND;Player;2;0.02%
HIGH_CARD;HIGH_CARD;FLUSH;ONE_PAIR;FLUSH;ONE_PAIR;FLUSH;TWO_PAIR;Player;1;0.01%
ONE_PAIR;HIGH_CARD;TWO_PAIR;ONE_PAIR;TWO_PAIR;FLUSH;FULL_HOUSE;FLUSH;Player;1;0.01%
HIGH_CARD;ONE_PAIR;HIGH_CARD;ONE_PAIR;HIGH_CARD;ONE_PAIR;FLUSH;FLUSH;Player;2;0.02%
ONE_PAIR;HIGH_CARD;ONE_PAIR;HIGH_CARD;ONE_PAIR;ONE_PAIR;ONE_PAIR;STRAIGHT;Player;1;0.01%
HIGH_CARD;HIGH_CARD;HIGH_CARD;FLUSH;ONE_PAIR;FLUSH;TWO_PAIR;FLUSH;Player;1;0.01%
HIGH_CARD;ONE_PAIR;HIGH_CARD;THREE_OF_A_KIND;ONE_PAIR;FULL_HOUSE;ONE_PAIR;FULL_HOUSE;Player;8;0.08%
HIGH_CARD;HIGH_CARD;HIGH_CARD;HIGH_CARD;ONE_PAIR;ONE_PAIR;THREE_OF_A_KIND;THREE_OF_A_KIND;Draw Game;1;0.01%
HIGH_CARD;HIGH_CARD;THREE_OF_A_KIND;THREE_OF_A_KIND;THREE_OF_A_KIND;THREE_OF_A_KIND;THREE_OF_A_KIND;THREE_OF_A_KIND;Draw Game;1;0.01%
HIGH_CARD;HIGH_CARD;THREE_OF_A_KIND;ONE_PAIR;THREE_OF_A_KIND;ONE_PAIR;FULL_HOUSE;TWO_PAIR;Player;8;0.08%
HIGH_CARD;HIGH_CARD;HIGH_CARD;ONE_PAIR;ONE_PAIR;ONE_PAIR;THREE_OF_A_KIND;TWO_PAIR;Player;9;0.09%
ONE_PAIR;HIGH_CARD;ONE_PAIR;TWO_PAIR;ONE_PAIR;TWO_PAIR;STRAIGHT;TWO_PAIR;Player;1;0.01%
HIGH_CARD;HIGH_CARD;HIGH_CARD;HIGH_CARD;STRAIGHT;HIGH_CARD;HIGH_CARD;ONE_PAIR;Player;2;0.02%
HIGH_CARD;HIGH_CARD;STRAIGHT;HIGH_CARD;ONE_PAIR;ONE_PAIR;ONE_PAIR;ONE_PAIR;Player;1;0.01%
HIGH_CARD;HIGH_CARD;HIGH_CARD;HIGH_CARD;HIGH_CARD;FLUSH;ONE_PAIR;HIGH_CARD;Player;2;0.02%
HIGH_CARD;HIGH_CARD;TWO_PAIR;HIGH_CARD;TWO_PAIR;STRAIGHT;TWO_PAIR;STRAIGHT;Player;2;0.02%
HIGH_CARD;HIGH_CARD;HIGH_CARD;ONE_PAIR;ONE_PAIR;FLUSH;FLUSH;ONE_PAIR;Player;1;0.01%
ONE_PAIR;ONE_PAIR;ONE_PAIR;THREE_OF_A_KIND;ONE_PAIR;THREE_OF_A_KIND;ONE_PAIR;THREE_OF_A_KIND;Player;4;0.04%
HIGH_CARD;HIGH_CARD;TWO_PAIR;FLUSH;TWO_PAIR;FLUSH;TWO_PAIR;FLUSH;Player;1;0.01%
HIGH_CARD;HIGH_CARD;HIGH_CARD;ONE_PAIR;HIGH_CARD;ONE_PAIR;STRAIGHT;FLUSH;Player;1;0.01%
HIGH_CARD;ONE_PAIR;ONE_PAIR;ONE_PAIR;THREE_OF_A_KIND;TWO_PAIR;THREE_OF_A_KIND;FULL_HOUSE;Player;1;0.01%
HIGH_CARD;ONE_PAIR;TWO_PAIR;ONE_PAIR;TWO_PAIR;ONE_PAIR;FULL_HOUSE;TWO_PAIR;Player;1;0.01%
HIGH_CARD;HIGH_CARD;TWO_PAIR;FULL_HOUSE;TWO_PAIR;FULL_HOUSE;TWO_PAIR;FULL_HOUSE;Player;1;0.01%
ONE_PAIR;HIGH_CARD;ONE_PAIR;ONE_PAIR;TWO_PAIR;TWO_PAIR;TWO_PAIR;TWO_PAIR;Player;17;0.17%
HIGH_CARD;HIGH_CARD;HIGH_CARD;HIGH_CARD;ONE_PAIR;HIGH_CARD;ONE_PAIR;HIGH_CARD;Player;145;1.45%
HIGH_CARD;ONE_PAIR;HIGH_CARD;THREE_OF_A_KIND;ONE_PAIR;THREE_OF_A_KIND;ONE_PAIR;THREE_OF_A_KIND;Player;4;0.04%
ONE_PAIR;HIGH_CARD;THREE_OF_A_KIND;HIGH_CARD;THREE_OF_A_KIND;ONE_PAIR;THREE_OF_A_KIND;ONE_PAIR;Player;4;0.04%
ONE_PAIR;HIGH_CARD;ONE_PAIR;ONE_PAIR;TWO_PAIR;THREE_OF_A_KIND;TWO_PAIR;THREE_OF_A_KIND;Player;1;0.01%
HIGH_CARD;ONE_PAIR;TWO_PAIR;ONE_PAIR;FULL_HOUSE;TWO_PAIR;FULL_HOUSE;TWO_PAIR;Player;1;0.01%
HIGH_CARD;HIGH_CARD;ONE_PAIR;ONE_PAIR;ONE_PAIR;ONE_PAIR;FLUSH;ONE_PAIR;Player;11;0.11%
HIGH_CARD;ONE_PAIR;HIGH_CARD;ONE_PAIR;HIGH_CARD;ONE_PAIR;HIGH_CARD;ONE_PAIR;Player;89;0.89%
HIGH_CARD;HIGH_CARD;ONE_PAIR;FULL_HOUSE;TWO_PAIR;FULL_HOUSE;FULL_HOUSE;FULL_HOUSE;Player;1;0.01%
HIGH_CARD;HIGH_CARD;TWO_PAIR;TWO_PAIR;TWO_PAIR;TWO_PAIR;TWO_PAIR;TWO_PAIR;Draw Game;4;0.04%
HIGH_CARD;ONE_PAIR;ONE_PAIR;ONE_PAIR;ONE_PAIR;ONE_PAIR;ONE_PAIR;STRAIGHT;Player;1;0.01%
HIGH_CARD;HIGH_CARD;ONE_PAIR;ONE_PAIR;TWO_PAIR;THREE_OF_A_KIND;TWO_PAIR;FULL_HOUSE;Player;2;0.02%
HIGH_CARD;ONE_PAIR;HIGH_CARD;ONE_PAIR;ONE_PAIR;TWO_PAIR;ONE_PAIR;FULL_HOUSE;Player;2;0.02%
HIGH_CARD;HIGH_CARD;STRAIGHT;HIGH_CARD;HIGH_CARD;HIGH_CARD;ONE_PAIR;HIGH_CARD;Player;1;0.01%
ONE_PAIR;HIGH_CARD;ONE_PAIR;ONE_PAIR;ONE_PAIR;TWO_PAIR;ONE_PAIR;TWO_PAIR;Player;6;0.06%
HIGH_CARD;HIGH_CARD;ONE_PAIR;ONE_PAIR;ONE_PAIR;TWO_PAIR;ONE_PAIR;FLUSH;Player;1;0.01%
HIGH_CARD;ONE_PAIR;ONE_PAIR;TWO_PAIR;ONE_PAIR;TWO_PAIR;ONE_PAIR;TWO_PAIR;Player;31;0.31%
HIGH_CARD;HIGH_CARD;THREE_OF_A_KIND;THREE_OF_A_KIND;THREE_OF_A_KIND;FULL_HOUSE;THREE_OF_A_KIND;FULL_HOUSE;Player;5;0.05%
HIGH_CARD;HIGH_CARD;HIGH_CARD;ONE_PAIR;ONE_PAIR;ONE_PAIR;ONE_PAIR;TWO_PAIR;Player;16;0.16%
HIGH_CARD;HIGH_CARD;HIGH_CARD;ONE_PAIR;HIGH_CARD;ONE_PAIR;STRAIGHT;ONE_PAIR;Player;25;0.25%
ONE_PAIR;HIGH_CARD;TWO_PAIR;ONE_PAIR;TWO_PAIR;ONE_PAIR;TWO_PAIR;ONE_PAIR;Player;31;0.31%
ONE_PAIR;HIGH_CARD;ONE_PAIR;STRAIGHT;TWO_PAIR;STRAIGHT;TWO_PAIR;STRAIGHT;Player;1;0.01%
ONE_PAIR;HIGH_CARD;ONE_PAIR;ONE_PAIR;FLUSH;FLUSH;FLUSH;FLUSH;Player;1;0.01%
HIGH_CARD;HIGH_CARD;HIGH_CARD;TWO_PAIR;ONE_PAIR;TWO_PAIR;FLUSH;TWO_PAIR;Player;1;0.01%
HIGH_CARD;HIGH_CARD;HIGH_CARD;ONE_PAIR;STRAIGHT;ONE_PAIR;HIGH_CARD;STRAIGHT;Player;1;0.01%
HIGH_CARD;HIGH_CARD;HIGH_CARD;HIGH_CARD;HIGH_CARD;HIGH_CARD;STRAIGHT;FLUSH;Player;1;0.01%
HIGH_CARD;HIGH_CARD;HIGH_CARD;ONE_PAIR;STRAIGHT;ONE_PAIR;ONE_PAIR;ONE_PAIR;Player;2;0.02%
HIGH_CARD;HIGH_CARD;ONE_PAIR;HIGH_CARD;ONE_PAIR;STRAIGHT;STRAIGHT;ONE_PAIR;Player;1;0.01%
HIGH_CARD;ONE_PAIR;ONE_PAIR;TWO_PAIR;TWO_PAIR;TWO_PAIR;TWO_PAIR;TWO_PAIR;Player;13;0.13%
HIGH_CARD;HIGH_CARD;HIGH_CARD;FLUSH;HIGH_CARD;FLUSH;STRAIGHT;FLUSH;Player;1;0.01%
ONE_PAIR;HIGH_CARD;ONE_PAIR;HIGH_CARD;ONE_PAIR;ONE_PAIR;TWO_PAIR;TWO_PAIR;Player;5;0.05%
HIGH_CARD;ONE_PAIR;ONE_PAIR;ONE_PAIR;TWO_PAIR;TWO_PAIR;TWO_PAIR;TWO_PAIR;Player;18;0.18%
HIGH_CARD;HIGH_CARD;HIGH_CARD;ONE_PAIR;STRAIGHT;ONE_PAIR;STRAIGHT;TWO_PAIR;Player;2;0.02%
HIGH_CARD;HIGH_CARD;ONE_PAIR;HIGH_CARD;ONE_PAIR;STRAIGHT;THREE_OF_A_KIND;ONE_PAIR;Player;1;0.01%
HIGH_CARD;ONE_PAIR;ONE_PAIR;ONE_PAIR;TWO_PAIR;ONE_PAIR;FLUSH;ONE_PAIR;Player;1;0.01%
HIGH_CARD;ONE_PAIR;HIGH_CARD;ONE_PAIR;STRAIGHT;THREE_OF_A_KIND;STRAIGHT;THREE_OF_A_KIND;Player;1;0.01%
HIGH_CARD;HIGH_CARD;HIGH_CARD;STRAIGHT;HIGH_CARD;ONE_PAIR;HIGH_CARD;ONE_PAIR;Player;1;0.01%
HIGH_CARD;HIGH_CARD;TWO_PAIR;ONE_PAIR;TWO_PAIR;TWO_PAIR;TWO_PAIR;FULL_HOUSE;Player;1;0.01%
HIGH_CARD;ONE_PAIR;TWO_PAIR;ONE_PAIR;TWO_PAIR;ONE_PAIR;TWO_PAIR;ONE_PAIR;Player;10;0.1%
HIGH_CARD;HIGH_CARD;ONE_PAIR;HIGH_CARD;ONE_PAIR;HIGH_CARD;THREE_OF_A_KIND;ONE_PAIR;Player;40;0.4%
HIGH_CARD;HIGH_CARD;HIGH_CARD;ONE_PAIR;FLUSH;FLUSH;ONE_PAIR;ONE_PAIR;Player;1;0.01%
HIGH_CARD;ONE_PAIR;ONE_PAIR;ONE_PAIR;ONE_PAIR;THREE_OF_A_KIND;TWO_PAIR;FULL_HOUSE;Player;1;0.01%
ONE_PAIR;HIGH_CARD;ONE_PAIR;HIGH_CARD;ONE_PAIR;STRAIGHT;TWO_PAIR;ONE_PAIR;Player;1;0.01%
ONE_PAIR;HIGH_CARD;ONE_PAIR;ONE_PAIR;ONE_PAIR;ONE_PAIR;ONE_PAIR;STRAIGHT;Player;2;0.02%
HIGH_CARD;HIGH_CARD;ONE_PAIR;HIGH_CARD;ONE_PAIR;HIGH_CARD;FLUSH;ONE_PAIR;Player;2;0.02%
HIGH_CARD;HIGH_CARD;HIGH_CARD;ONE_PAIR;FLUSH;ONE_PAIR;FLUSH;THREE_OF_A_KIND;Player;1;0.01%
HIGH_CARD;ONE_PAIR;ONE_PAIR;THREE_OF_A_KIND;ONE_PAIR;THREE_OF_A_KIND;ONE_PAIR;THREE_OF_A_KIND;Player;10;0.1%
HIGH_CARD;HIGH_CARD;TWO_PAIR;THREE_OF_A_KIND;TWO_PAIR;THREE_OF_A_KIND;TWO_PAIR;FULL_HOUSE;Player;2;0.02%
HIGH_CARD;ONE_PAIR;ONE_PAIR;TWO_PAIR;THREE_OF_A_KIND;FULL_HOUSE;THREE_OF_A_KIND;FULL_HOUSE;Player;5;0.05%
ONE_PAIR;HIGH_CARD;THREE_OF_A_KIND;HIGH_CARD;FULL_HOUSE;ONE_PAIR;FULL_HOUSE;TWO_PAIR;Player;1;0.01%
HIGH_CARD;HIGH_CARD;ONE_PAIR;THREE_OF_A_KIND;ONE_PAIR;THREE_OF_A_KIND;STRAIGHT;THREE_OF_A_KIND;Player;1;0.01%
HIGH_CARD;HIGH_CARD;HIGH_CARD;HIGH_CARD;STRAIGHT;ONE_PAIR;STRAIGHT;ONE_PAIR;Player;4;0.04%
HIGH_CARD;ONE_PAIR;HIGH_CARD;ONE_PAIR;HIGH_CARD;ONE_PAIR;FLUSH;ONE_PAIR;Player;5;0.05%
HIGH_CARD;HIGH_CARD;HIGH_CARD;HIGH_CARD;HIGH_CARD;ONE_PAIR;FLUSH;ONE_PAIR;Player;8;0.08%
HIGH_CARD;HIGH_CARD;STRAIGHT;HIGH_CARD;ONE_PAIR;HIGH_CARD;TWO_PAIR;ONE_PAIR;Player;1;0.01%
HIGH_CARD;HIGH_CARD;HIGH_CARD;HIGH_CARD;FLUSH;ONE_PAIR;HIGH_CARD;ONE_PAIR;Player;2;0.02%
HIGH_CARD;HIGH_CARD;ONE_PAIR;ONE_PAIR;THREE_OF_A_KIND;THREE_OF_A_KIND;THREE_OF_A_KIND;THREE_OF_A_KIND;Player;35;0.35%
HIGH_CARD;HIGH_CARD;ONE_PAIR;HIGH_CARD;ONE_PAIR;ONE_PAIR;ONE_PAIR;FLUSH;Player;2;0.02%
HIGH_CARD;HIGH_CARD;HIGH_CARD;HIGH_CARD;STRAIGHT;ONE_PAIR;STRAIGHT;THREE_OF_A_KIND;Player;1;0.01%
HIGH_CARD;HIGH_CARD;ONE_PAIR;HIGH_CARD;THREE_OF_A_KIND;ONE_PAIR;FLUSH;ONE_PAIR;Player;1;0.01%
HIGH_CARD;HIGH_CARD;TWO_PAIR;ONE_PAIR;FULL_HOUSE;THREE_OF_A_KIND;FULL_HOUSE;FULL_HOUSE;Player;1;0.01%
ONE_PAIR;HIGH_CARD;TWO_PAIR;TWO_PAIR;TWO_PAIR;TWO_PAIR;FULL_HOUSE;FULL_HOUSE;Player;2;0.02%
ONE_PAIR;HIGH_CARD;FOUR_OF_A_KIND;ONE_PAIR;FOUR_OF_A_KIND;ONE_PAIR;FOUR_OF_A_KIND;FLUSH;Player;1;0.01%
HIGH_CARD;HIGH_CARD;ONE_PAIR;HIGH_CARD;ONE_PAIR;HIGH_CARD;FLUSH;HIGH_CARD;Player;4;0.04%
ONE_PAIR;HIGH_CARD;ONE_PAIR;TWO_PAIR;ONE_PAIR;TWO_PAIR;TWO_PAIR;TWO_PAIR;Player;2;0.02%
ONE_PAIR;HIGH_CARD;ONE_PAIR;HIGH_CARD;ONE_PAIR;STRAIGHT;ONE_PAIR;HIGH_CARD;Player;2;0.02%
HIGH_CARD;HIGH_CARD;HIGH_CARD;HIGH_CARD;STRAIGHT;ONE_PAIR;HIGH_CARD;ONE_PAIR;Player;2;0.02%
HIGH_CARD;HIGH_CARD;STRAIGHT;HIGH_CARD;HIGH_CARD;HIGH_CARD;ONE_PAIR;ONE_PAIR;Player;2;0.02%
HIGH_CARD;HIGH_CARD;HIGH_CARD;HIGH_CARD;ONE_PAIR;HIGH_CARD;STRAIGHT;HIGH_CARD;Player;2;0.02%
HIGH_CARD;HIGH_CARD;ONE_PAIR;HIGH_CARD;STRAIGHT;HIGH_CARD;TWO_PAIR;ONE_PAIR;Player;1;0.01%
HIGH_CARD;HIGH_CARD;FULL_HOUSE;ONE_PAIR;THREE_OF_A_KIND;TWO_PAIR;THREE_OF_A_KIND;TWO_PAIR;Player;1;0.01%
HIGH_CARD;HIGH_CARD;ONE_PAIR;TWO_PAIR;ONE_PAIR;TWO_PAIR;FLUSH;TWO_PAIR;Player;4;0.04%
ONE_PAIR;HIGH_CARD;ONE_PAIR;ONE_PAIR;ONE_PAIR;ONE_PAIR;THREE_OF_A_KIND;ONE_PAIR;Player;3;0.03%
HIGH_CARD;HIGH_CARD;ONE_PAIR;HIGH_CARD;ONE_PAIR;HIGH_CARD;ONE_PAIR;STRAIGHT;Player;30;0.3%
HIGH_CARD;HIGH_CARD;HIGH_CARD;ONE_PAIR;ONE_PAIR;ONE_PAIR;STRAIGHT;ONE_PAIR;Player;2;0.02%
HIGH_CARD;HIGH_CARD;ONE_PAIR;HIGH_CARD;ONE_PAIR;HIGH_CARD;ONE_PAIR;ONE_PAIR;Player;112;1.12%
HIGH_CARD;ONE_PAIR;HIGH_CARD;ONE_PAIR;HIGH_CARD;ONE_PAIR;ONE_PAIR;TWO_PAIR;Player;41;0.41%
HIGH_CARD;HIGH_CARD;HIGH_CARD;ONE_PAIR;HIGH_CARD;FLUSH;HIGH_CARD;FLUSH;Player;2;0.02%
ONE_PAIR;HIGH_CARD;ONE_PAIR;HIGH_CARD;TWO_PAIR;ONE_PAIR;TWO_PAIR;ONE_PAIR;Player;32;0.32%
ONE_PAIR;HIGH_CARD;ONE_PAIR;ONE_PAIR;TWO_PAIR;THREE_OF_A_KIND;FULL_HOUSE;FOUR_OF_A_KIND;Player;1;0.01%
HIGH_CARD;HIGH_CARD;ONE_PAIR;ONE_PAIR;ONE_PAIR;ONE_PAIR;ONE_PAIR;STRAIGHT;Player;6;0.06%
HIGH_CARD;ONE_PAIR;ONE_PAIR;ONE_PAIR;ONE_PAIR;ONE_PAIR;FLUSH;TWO_PAIR;Player;1;0.01%
HIGH_CARD;HIGH_CARD;HIGH_CARD;TWO_PAIR;HIGH_CARD;TWO_PAIR;FLUSH;TWO_PAIR;Player;1;0.01%
HIGH_CARD;HIGH_CARD;HIGH_CARD;HIGH_CARD;HIGH_CARD;HIGH_CARD;ONE_PAIR;STRAIGHT_FLUSH;Player;1;0.01%
HIGH_CARD;HIGH_CARD;ONE_PAIR;HIGH_CARD;TWO_PAIR;ONE_PAIR;FULL_HOUSE;THREE_OF_A_KIND;Player;10;0.1%
HIGH_CARD;ONE_PAIR;ONE_PAIR;TWO_PAIR;ONE_PAIR;TWO_PAIR;TWO_PAIR;TWO_PAIR;Player;10;0.1%
HIGH_CARD;HIGH_CARD;ONE_PAIR;HIGH_CARD;TWO_PAIR;ONE_PAIR;TWO_PAIR;ONE_PAIR;Player;143;1.43%
HIGH_CARD;HIGH_CARD;TWO_PAIR;TWO_PAIR;FULL_HOUSE;FULL_HOUSE;FULL_HOUSE;FULL_HOUSE;Player;1;0.01%
HIGH_CARD;ONE_PAIR;ONE_PAIR;TWO_PAIR;TWO_PAIR;TWO_PAIR;FULL_HOUSE;TWO_PAIR;Player;1;0.01%
HIGH_CARD;HIGH_CARD;HIGH_CARD;HIGH_CARD;HIGH_CARD;ONE_PAIR;STRAIGHT;STRAIGHT;Player;3;0.03%
HIGH_CARD;HIGH_CARD;HIGH_CARD;HIGH_CARD;HIGH_CARD;HIGH_CARD;STRAIGHT;STRAIGHT;Player;7;0.07%
HIGH_CARD;ONE_PAIR;TWO_PAIR;ONE_PAIR;TWO_PAIR;ONE_PAIR;TWO_PAIR;STRAIGHT;Player;1;0.01%
HIGH_CARD;HIGH_CARD;HIGH_CARD;ONE_PAIR;ONE_PAIR;ONE_PAIR;FLUSH;ONE_PAIR;Player;1;0.01%
HIGH_CARD;HIGH_CARD;HIGH_CARD;HIGH_CARD;FLUSH;ONE_PAIR;FLUSH;TWO_PAIR;Player;1;0.01%
ONE_PAIR;HIGH_CARD;ONE_PAIR;ONE_PAIR;ONE_PAIR;ONE_PAIR;ONE_PAIR;ONE_PAIR;Player;58;0.58%
HIGH_CARD;ONE_PAIR;ONE_PAIR;ONE_PAIR;TWO_PAIR;ONE_PAIR;TWO_PAIR;ONE_PAIR;Player;5;0.05%
ONE_PAIR;HIGH_CARD;ONE_PAIR;HIGH_CARD;ONE_PAIR;HIGH_CARD;ONE_PAIR;HIGH_CARD;Player;73;0.73%
HIGH_CARD;HIGH_CARD;HIGH_CARD;HIGH_CARD;ONE_PAIR;ONE_PAIR;FLUSH;TWO_PAIR;Player;1;0.01%
HIGH_CARD;ONE_PAIR;ONE_PAIR;TWO_PAIR;ONE_PAIR;FULL_HOUSE;ONE_PAIR;FULL_HOUSE;Player;6;0.06%
HIGH_CARD;HIGH_CARD;ONE_PAIR;ONE_PAIR;THREE_OF_A_KIND;TWO_PAIR;FULL_HOUSE;TWO_PAIR;Player;1;0.01%
HIGH_CARD;HIGH_CARD;HIGH_CARD;HIGH_CARD;ONE_PAIR;HIGH_CARD;THREE_OF_A_KIND;ONE_PAIR;Player;15;0.15%
ONE_PAIR;HIGH_CARD;ONE_PAIR;HIGH_CARD;TWO_PAIR;ONE_PAIR;FULL_HOUSE;THREE_OF_A_KIND;Player;1;0.01%
HIGH_CARD;HIGH_CARD;STRAIGHT;ONE_PAIR;STRAIGHT;TWO_PAIR;STRAIGHT;TWO_PAIR;Player;1;0.01%
HIGH_CARD;HIGH_CARD;HIGH_CARD;ONE_PAIR;ONE_PAIR;THREE_OF_A_KIND;ONE_PAIR;FLUSH;Player;1;0.01%
HIGH_CARD;HIGH_CARD;HIGH_CARD;ONE_PAIR;ONE_PAIR;TWO_PAIR;TWO_PAIR;FULL_HOUSE;Player;15;0.15%
HIGH_CARD;HIGH_CARD;HIGH_CARD;ONE_PAIR;HIGH_CARD;TWO_PAIR;STRAIGHT;TWO_PAIR;Player;5;0.05%
ONE_PAIR;HIGH_CARD;TWO_PAIR;ONE_PAIR;TWO_PAIR;TWO_PAIR;TWO_PAIR;TWO_PAIR;Player;12;0.12%
HIGH_CARD;ONE_PAIR;ONE_PAIR;ONE_PAIR;ONE_PAIR;ONE_PAIR;ONE_PAIR;ONE_PAIR;Player;70;0.7%
HIGH_CARD;HIGH_CARD;ONE_PAIR;ONE_PAIR;FLUSH;ONE_PAIR;ONE_PAIR;TWO_PAIR;Player;1;0.01%
HIGH_CARD;HIGH_CARD;HIGH_CARD;ONE_PAIR;HIGH_CARD;FLUSH;ONE_PAIR;FLUSH;Player;2;0.02%
HIGH_CARD;HIGH_CARD;ONE_PAIR;STRAIGHT;ONE_PAIR;STRAIGHT;ONE_PAIR;HIGH_CARD;Player;4;0.04%
ONE_PAIR;HIGH_CARD;TWO_PAIR;THREE_OF_A_KIND;TWO_PAIR;THREE_OF_A_KIND;TWO_PAIR;THREE_OF_A_KIND;Player;2;0.02%
HIGH_CARD;ONE_PAIR;TWO_PAIR;TWO_PAIR;TWO_PAIR;TWO_PAIR;TWO_PAIR;TWO_PAIR;Player;7;0.07%
HIGH_CARD;HIGH_CARD;THREE_OF_A_KIND;ONE_PAIR;FULL_HOUSE;ONE_PAIR;FULL_HOUSE;ONE_PAIR;Player;8;0.08%
HIGH_CARD;HIGH_CARD;ONE_PAIR;ONE_PAIR;ONE_PAIR;FLUSH;TWO_PAIR;FLUSH;Player;1;0.01%
HIGH_CARD;HIGH_CARD;HIGH_CARD;HIGH_CARD;HIGH_CARD;STRAIGHT;FLUSH;STRAIGHT;Player;1;0.01%
HIGH_CARD;ONE_PAIR;ONE_PAIR;TWO_PAIR;ONE_PAIR;TWO_PAIR;ONE_PAIR;FULL_HOUSE;Player;2;0.02%
HIGH_CARD;HIGH_CARD;THREE_OF_A_KIND;TWO_PAIR;THREE_OF_A_KIND;TWO_PAIR;FULL_HOUSE;TWO_PAIR;Player;2;0.02%
ONE_PAIR;HIGH_CARD;ONE_PAIR;ONE_PAIR;THREE_OF_A_KIND;ONE_PAIR;THREE_OF_A_KIND;ONE_PAIR;Player;8;0.08%
HIGH_CARD;HIGH_CARD;ONE_PAIR;HIGH_CARD;ONE_PAIR;ONE_PAIR;THREE_OF_A_KIND;TWO_PAIR;Player;10;0.1%
HIGH_CARD;HIGH_CARD;HIGH_CARD;STRAIGHT;HIGH_CARD;STRAIGHT;FLUSH;STRAIGHT;Player;1;0.01%
HIGH_CARD;HIGH_CARD;HIGH_CARD;HIGH_CARD;ONE_PAIR;ONE_PAIR;STRAIGHT;STRAIGHT;Draw Game;1;0.01%
HIGH_CARD;HIGH_CARD;HIGH_CARD;HIGH_CARD;FLUSH;ONE_PAIR;ONE_PAIR;FLUSH;Player;1;0.01%
HIGH_CARD;HIGH_CARD;ONE_PAIR;TWO_PAIR;ONE_PAIR;TWO_PAIR;ONE_PAIR;TWO_PAIR;Player;98;0.98%
ONE_PAIR;HIGH_CARD;ONE_PAIR;ONE_PAIR;ONE_PAIR;TWO_PAIR;TWO_PAIR;TWO_PAIR;Player;1;0.01%
HIGH_CARD;HIGH_CARD;HIGH_CARD;HIGH_CARD;ONE_PAIR;ONE_PAIR;ONE_PAIR;ONE_PAIR;Draw Game;7;0.07%
HIGH_CARD;HIGH_CARD;STRAIGHT;HIGH_CARD;FLUSH;ONE_PAIR;FLUSH;ONE_PAIR;Player;1;0.01%
HIGH_CARD;HIGH_CARD;ONE_PAIR;HIGH_CARD;TWO_PAIR;ONE_PAIR;TWO_PAIR;STRAIGHT;Player;1;0.01%
HIGH_CARD;HIGH_CARD;HIGH_CARD;HIGH_CARD;FLUSH;HIGH_CARD;STRAIGHT_FLUSH;FLUSH;Player;1;0.01%
ONE_PAIR;HIGH_CARD;TWO_PAIR;TWO_PAIR;TWO_PAIR;TWO_PAIR;TWO_PAIR;FLUSH;Player;1;0.01%
ONE_PAIR;HIGH_CARD;TWO_PAIR;ONE_PAIR;TWO_PAIR;ONE_PAIR;TWO_PAIR;STRAIGHT;Player;1;0.01%
HIGH_CARD;HIGH_CARD;STRAIGHT;HIGH_CARD;ONE_PAIR;HIGH_CARD;ONE_PAIR;HIGH_CARD;Player;1;0.01%
HIGH_CARD;HIGH_CARD;THREE_OF_A_KIND;ONE_PAIR;FOUR_OF_A_KIND;THREE_OF_A_KIND;FOUR_OF_A_KIND;THREE_OF_A_KIND;Player;4;0.04%
ONE_PAIR;ONE_PAIR;THREE_OF_A_KIND;ONE_PAIR;FULL_HOUSE;TWO_PAIR;FULL_HOUSE;TWO_PAIR;Player;2;0.02%
HIGH_CARD;HIGH_CARD;ONE_PAIR;TWO_PAIR;TWO_PAIR;TWO_PAIR;TWO_PAIR;TWO_PAIR;Player;16;0.16%
HIGH_CARD;HIGH_CARD;TWO_PAIR;ONE_PAIR;FULL_HOUSE;THREE_OF_A_KIND;FULL_HOUSE;THREE_OF_A_KIND;Player;5;0.05%
ONE_PAIR;HIGH_CARD;TWO_PAIR;ONE_PAIR;FULL_HOUSE;THREE_OF_A_KIND;FULL_HOUSE;FULL_HOUSE;Player;2;0.02%
HIGH_CARD;HIGH_CARD;HIGH_CARD;ONE_PAIR;HIGH_CARD;TWO_PAIR;FLUSH;FLUSH;Player;1;0.01%
HIGH_CARD;HIGH_CARD;ONE_PAIR;ONE_PAIR;ONE_PAIR;TWO_PAIR;ONE_PAIR;TWO_PAIR;Player;106;1.06%
HIGH_CARD;ONE_PAIR;HIGH_CARD;ONE_PAIR;HIGH_CARD;ONE_PAIR;HIGH_CARD;STRAIGHT;Player;1;0.01%
HIGH_CARD;HIGH_CARD;ONE_PAIR;ONE_PAIR;TWO_PAIR;TWO_PAIR;TWO_PAIR;TWO_PAIR;Player;103;1.03%
HIGH_CARD;HIGH_CARD;TWO_PAIR;TWO_PAIR;TWO_PAIR;TWO_PAIR;FULL_HOUSE;FULL_HOUSE;Player;1;0.01%
HIGH_CARD;HIGH_CARD;ONE_PAIR;TWO_PAIR;THREE_OF_A_KIND;TWO_PAIR;THREE_OF_A_KIND;TWO_PAIR;Player;1;0.01%
HIGH_CARD;ONE_PAIR;ONE_PAIR;ONE_PAIR;ONE_PAIR;ONE_PAIR;ONE_PAIR;FLUSH;Player;1;0.01%
HIGH_CARD;HIGH_CARD;ONE_PAIR;HIGH_CARD;ONE_PAIR;FLUSH;TWO_PAIR;FLUSH;Player;4;0.04%
HIGH_CARD;HIGH_CARD;ONE_PAIR;TWO_PAIR;TWO_PAIR;FULL_HOUSE;FULL_HOUSE;FOUR_OF_A_KIND;Player;1;0.01%
ONE_PAIR;HIGH_CARD;TWO_PAIR;ONE_PAIR;FULL_HOUSE;ONE_PAIR;FULL_HOUSE;ONE_PAIR;Player;1;0.01%
HIGH_CARD;HIGH_CARD;FLUSH;HIGH_CARD;FLUSH;ONE_PAIR;FLUSH;ONE_PAIR;Player;3;0.03%
HIGH_CARD;ONE_PAIR;ONE_PAIR;THREE_OF_A_KIND;ONE_PAIR;THREE_OF_A_KIND;TWO_PAIR;THREE_OF_A_KIND;Player;2;0.02%
HIGH_CARD;HIGH_CARD;HIGH_CARD;ONE_PAIR;HIGH_CARD;TWO_PAIR;HIGH_CARD;FLUSH;Player;1;0.01%
HIGH_CARD;HIGH_CARD;HIGH_CARD;ONE_PAIR;HIGH_CARD;ONE_PAIR;ONE_PAIR;TWO_PAIR;Player;194;1.94%
HIGH_CARD;HIGH_CARD;ONE_PAIR;HIGH_CARD;ONE_PAIR;HIGH_CARD;TWO_PAIR;FLUSH;Player;3;0.03%
ONE_PAIR;HIGH_CARD;ONE_PAIR;ONE_PAIR;TWO_PAIR;TWO_PAIR;FULL_HOUSE;FULL_HOUSE;Player;2;0.02%
HIGH_CARD;HIGH_CARD;HIGH_CARD;TWO_PAIR;HIGH_CARD;TWO_PAIR;HIGH_CARD;TWO_PAIR;Player;53;0.53%
HIGH_CARD;HIGH_CARD;HIGH_CARD;HIGH_CARD;HIGH_CARD;ONE_PAIR;ONE_PAIR;ONE_PAIR;Player;43;0.43%
HIGH_CARD;HIGH_CARD;TWO_PAIR;HIGH_CARD;TWO_PAIR;ONE_PAIR;TWO_PAIR;TWO_PAIR;Player;1;0.01%
HIGH_CARD;HIGH_CARD;HIGH_CARD;HIGH_CARD;STRAIGHT;HIGH_CARD;FLUSH;STRAIGHT;Player;1;0.01%
HIGH_CARD;HIGH_CARD;TWO_PAIR;HIGH_CARD;TWO_PAIR;HIGH_CARD;FULL_HOUSE;ONE_PAIR;Player;6;0.06%
HIGH_CARD;HIGH_CARD;HIGH_CARD;HIGH_CARD;FLUSH;ONE_PAIR;FLUSH;ONE_PAIR;Player;5;0.05%
HIGH_CARD;HIGH_CARD;FLUSH;HIGH_CARD;FLUSH;HIGH_CARD;FLUSH;HIGH_CARD;Player;3;0.03%
HIGH_CARD;HIGH_CARD;HIGH_CARD;FLUSH;HIGH_CARD;HIGH_CARD;FLUSH;HIGH_CARD;Player;1;0.01%
HIGH_CARD;HIGH_CARD;HIGH_CARD;FLUSH;HIGH_CARD;FLUSH;HIGH_CARD;FLUSH;Player;2;0.02%
HIGH_CARD;HIGH_CARD;ONE_PAIR;ONE_PAIR;TWO_PAIR;THREE_OF_A_KIND;TWO_PAIR;THREE_OF_A_KIND;Player;27;0.27%
HIGH_CARD;ONE_PAIR;HIGH_CARD;ONE_PAIR;HIGH_CARD;ONE_PAIR;STRAIGHT;STRAIGHT;Player;2;0.02%
ONE_PAIR;HIGH_CARD;ONE_PAIR;HIGH_CARD;TWO_PAIR;ONE_PAIR;FLUSH;ONE_PAIR;Player;1;0.01%
HIGH_CARD;HIGH_CARD;ONE_PAIR;HIGH_CARD;THREE_OF_A_KIND;ONE_PAIR;FULL_HOUSE;ONE_PAIR;Player;2;0.02%
HIGH_CARD;HIGH_CARD;TWO_PAIR;THREE_OF_A_KIND;FULL_HOUSE;FULL_HOUSE;FULL_HOUSE;FULL_HOUSE;Player;1;0.01%
ONE_PAIR;HIGH_CARD;ONE_PAIR;ONE_PAIR;ONE_PAIR;ONE_PAIR;STRAIGHT;ONE_PAIR;Player;3;0.03%
HIGH_CARD;ONE_PAIR;HIGH_CARD;ONE_PAIR;ONE_PAIR;TWO_PAIR;ONE_PAIR;TWO_PAIR;Player;35;0.35%
HIGH_CARD;HIGH_CARD;TWO_PAIR;HIGH_CARD;TWO_PAIR;HIGH_CARD;TWO_PAIR;STRAIGHT;Player;2;0.02%
HIGH_CARD;HIGH_CARD;HIGH_CARD;HIGH_CARD;ONE_PAIR;ONE_PAIR;TWO_PAIR;FLUSH;Player;2;0.02%
HIGH_CARD;HIGH_CARD;ONE_PAIR;ONE_PAIR;ONE_PAIR;ONE_PAIR;FLUSH;FLUSH;Player;6;0.06%
HIGH_CARD;HIGH_CARD;HIGH_CARD;HIGH_CARD;HIGH_CARD;HIGH_CARD;HIGH_CARD;ONE_PAIR;Player;181;1.81%
HIGH_CARD;HIGH_CARD;HIGH_CARD;HIGH_CARD;STRAIGHT;ONE_PAIR;ONE_PAIR;TWO_PAIR;Player;1;0.01%
HIGH_CARD;HIGH_CARD;ONE_PAIR;HIGH_CARD;THREE_OF_A_KIND;ONE_PAIR;THREE_OF_A_KIND;TWO_PAIR;Player;10;0.1%
HIGH_CARD;ONE_PAIR;ONE_PAIR;FULL_HOUSE;ONE_PAIR;FULL_HOUSE;TWO_PAIR;FULL_HOUSE;Player;1;0.01%
HIGH_CARD;HIGH_CARD;TWO_PAIR;THREE_OF_A_KIND;TWO_PAIR;THREE_OF_A_KIND;TWO_PAIR;THREE_OF_A_KIND;Player;6;0.06%
HIGH_CARD;HIGH_CARD;TWO_PAIR;ONE_PAIR;TWO_PAIR;STRAIGHT;TWO_PAIR;STRAIGHT;Player;1;0.01%
HIGH_CARD;HIGH_CARD;HIGH_CARD;FLUSH;HIGH_CARD;FLUSH;HIGH_CARD;HIGH_CARD;Player;1;0.01%
HIGH_CARD;ONE_PAIR;FLUSH;ONE_PAIR;FLUSH;ONE_PAIR;HIGH_CARD;ONE_PAIR;Player;1;0.01%
HIGH_CARD;ONE_PAIR;HIGH_CARD;THREE_OF_A_KIND;HIGH_CARD;THREE_OF_A_KIND;ONE_PAIR;THREE_OF_A_KIND;Player;7;0.07%
HIGH_CARD;HIGH_CARD;ONE_PAIR;HIGH_CARD;ONE_PAIR;HIGH_CARD;STRAIGHT;HIGH_CARD;Player;5;0.05%
HIGH_CARD;HIGH_CARD;ONE_PAIR;STRAIGHT;ONE_PAIR;HIGH_CARD;ONE_PAIR;STRAIGHT;Player;1;0.01%
HIGH_CARD;HIGH_CARD;HIGH_CARD;ONE_PAIR;ONE_PAIR;ONE_PAIR;TWO_PAIR;ONE_PAIR;Player;7;0.07%
HIGH_CARD;ONE_PAIR;HIGH_CARD;ONE_PAIR;ONE_PAIR;ONE_PAIR;ONE_PAIR;THREE_OF_A_KIND;Player;3;0.03%
HIGH_CARD;HIGH_CARD;FULL_HOUSE;ONE_PAIR;FULL_HOUSE;ONE_PAIR;FULL_HOUSE;ONE_PAIR;Player;4;0.04%
HIGH_CARD;HIGH_CARD;TWO_PAIR;THREE_OF_A_KIND;TWO_PAIR;THREE_OF_A_KIND;FULL_HOUSE;FULL_HOUSE;Player;2;0.02%
HIGH_CARD;HIGH_CARD;HIGH_CARD;HIGH_CARD;ONE_PAIR;HIGH_CARD;TWO_PAIR;FLUSH;Player;1;0.01%
ONE_PAIR;HIGH_CARD;ONE_PAIR;ONE_PAIR;ONE_PAIR;TWO_PAIR;ONE_PAIR;FLUSH;Player;1;0.01%
HIGH_CARD;HIGH_CARD;STRAIGHT;ONE_PAIR;HIGH_CARD;ONE_PAIR;HIGH_CARD;ONE_PAIR;Player;2;0.02%
HIGH_CARD;HIGH_CARD;ONE_PAIR;HIGH_CARD;ONE_PAIR;HIGH_CARD;STRAIGHT;FLUSH;Player;1;0.01%
HIGH_CARD;HIGH_CARD;HIGH_CARD;HIGH_CARD;HIGH_CARD;ONE_PAIR;ONE_PAIR;FLUSH;Player;2;0.02%
HIGH_CARD;HIGH_CARD;ONE_PAIR;ONE_PAIR;FLUSH;FLUSH;FLUSH;FLUSH;Player;1;0.01%
HIGH_CARD;HIGH_CARD;ONE_PAIR;ONE_PAIR;ONE_PAIR;ONE_PAIR;STRAIGHT;ONE_PAIR;Player;6;0.06%
HIGH_CARD;HIGH_CARD;ONE_PAIR;HIGH_CARD;THREE_OF_A_KIND;ONE_PAIR;FULL_HOUSE;FLUSH;Player;1;0.01%
HIGH_CARD;HIGH_CARD;ONE_PAIR;THREE_OF_A_KIND;ONE_PAIR;THREE_OF_A_KIND;TWO_PAIR;FULL_HOUSE;Player;10;0.1%
HIGH_CARD;HIGH_CARD;THREE_OF_A_KIND;THREE_OF_A_KIND;FULL_HOUSE;THREE_OF_A_KIND;FULL_HOUSE;FULL_HOUSE;Player;1;0.01%
HIGH_CARD;HIGH_CARD;HIGH_CARD;HIGH_CARD;HIGH_CARD;ONE_PAIR;HIGH_CARD;STRAIGHT;Player;2;0.02%
HIGH_CARD;ONE_PAIR;ONE_PAIR;THREE_OF_A_KIND;ONE_PAIR;THREE_OF_A_KIND;TWO_PAIR;FOUR_OF_A_KIND;Player;1;0.01%
HIGH_CARD;HIGH_CARD;HIGH_CARD;ONE_PAIR;ONE_PAIR;TWO_PAIR;THREE_OF_A_KIND;FULL_HOUSE;Player;6;0.06%
HIGH_CARD;ONE_PAIR;HIGH_CARD;ONE_PAIR;HIGH_CARD;ONE_PAIR;HIGH_CARD;THREE_OF_A_KIND;Player;6;0.06%
HIGH_CARD;HIGH_CARD;ONE_PAIR;ONE_PAIR;ONE_PAIR;ONE_PAIR;STRAIGHT;TWO_PAIR;Player;1;0.01%
ONE_PAIR;HIGH_CARD;ONE_PAIR;HIGH_CARD;ONE_PAIR;HIGH_CARD;TWO_PAIR;ONE_PAIR;Player;36;0.36%
HIGH_CARD;HIGH_CARD;ONE_PAIR;THREE_OF_A_KIND;TWO_PAIR;THREE_OF_A_KIND;TWO_PAIR;FULL_HOUSE;Player;5;0.05%
HIGH_CARD;HIGH_CARD;ONE_PAIR;ONE_PAIR;ONE_PAIR;ONE_PAIR;TWO_PAIR;FLUSH;Player;1;0.01%
ONE_PAIR;ONE_PAIR;TWO_PAIR;TWO_PAIR;FULL_HOUSE;TWO_PAIR;FULL_HOUSE;TWO_PAIR;Player;1;0.01%
HIGH_CARD;HIGH_CARD;ONE_PAIR;ONE_PAIR;ONE_PAIR;ONE_PAIR;TWO_PAIR;THREE_OF_A_KIND;Player;18;0.18%
ONE_PAIR;HIGH_CARD;TWO_PAIR;TWO_PAIR;TWO_PAIR;TWO_PAIR;FULL_HOUSE;TWO_PAIR;Player;1;0.01%
HIGH_CARD;HIGH_CARD;ONE_PAIR;TWO_PAIR;FLUSH;TWO_PAIR;FLUSH;TWO_PAIR;Player;2;0.02%
HIGH_CARD;HIGH_CARD;ONE_PAIR;ONE_PAIR;ONE_PAIR;ONE_PAIR;TWO_PAIR;TWO_PAIR;Player;149;1.49%
HIGH_CARD;HIGH_CARD;HIGH_CARD;ONE_PAIR;FLUSH;TWO_PAIR;FLUSH;TWO_PAIR;Player;1;0.01%
ONE_PAIR;HIGH_CARD;TWO_PAIR;THREE_OF_A_KIND;TWO_PAIR;FULL_HOUSE;TWO_PAIR;FULL_HOUSE;Player;2;0.02%
HIGH_CARD;HIGH_CARD;HIGH_CARD;HIGH_CARD;HIGH_CARD;HIGH_CARD;FLUSH;FLUSH;Player;9;0.09%
HIGH_CARD;HIGH_CARD;TWO_PAIR;HIGH_CARD;TWO_PAIR;HIGH_CARD;TWO_PAIR;FLUSH;Player;4;0.04%
ONE_PAIR;HIGH_CARD;ONE_PAIR;HIGH_CARD;TWO_PAIR;ONE_PAIR;TWO_PAIR;TWO_PAIR;Player;18;0.18%
HIGH_CARD;HIGH_CARD;ONE_PAIR;HIGH_CARD;ONE_PAIR;STRAIGHT;TWO_PAIR;ONE_PAIR;Player;4;0.04%
HIGH_CARD;ONE_PAIR;ONE_PAIR;FULL_HOUSE;TWO_PAIR;FULL_HOUSE;TWO_PAIR;FULL_HOUSE;Player;1;0.01%
ONE_PAIR;HIGH_CARD;ONE_PAIR;ONE_PAIR;ONE_PAIR;ONE_PAIR;TWO_PAIR;TWO_PAIR;Player;15;0.15%
HIGH_CARD;HIGH_CARD;HIGH_CARD;HIGH_CARD;STRAIGHT;ONE_PAIR;ONE_PAIR;ONE_PAIR;Player;1;0.01%
HIGH_CARD;HIGH_CARD;ONE_PAIR;TWO_PAIR;THREE_OF_A_KIND;FULL_HOUSE;THREE_OF_A_KIND;FULL_HOUSE;Player;4;0.04%
HIGH_CARD;HIGH_CARD;HIGH_CARD;ONE_PAIR;HIGH_CARD;TWO_PAIR;HIGH_CARD;TWO_PAIR;Player;46;0.46%
HIGH_CARD;HIGH_CARD;ONE_PAIR;ONE_PAIR;THREE_OF_A_KIND;TWO_PAIR;FOUR_OF_A_KIND;FULL_HOUSE;Player;2;0.02%
HIGH_CARD;HIGH_CARD;HIGH_CARD;ONE_PAIR;HIGH_CARD;ONE_PAIR;ONE_PAIR;ONE_PAIR;Player;104;1.04%
HIGH_CARD;HIGH_CARD;ONE_PAIR;ONE_PAIR;TWO_PAIR;ONE_PAIR;TWO_PAIR;TWO_PAIR;Player;34;0.34%
HIGH_CARD;HIGH_CARD;ONE_PAIR;ONE_PAIR;TWO_PAIR;ONE_PAIR;FLUSH;ONE_PAIR;Player;1;0.01%
HIGH_CARD;HIGH_CARD;HIGH_CARD;HIGH_CARD;HIGH_CARD;FLUSH;HIGH_CARD;HIGH_CARD;Player;2;0.02%
HIGH_CARD;HIGH_CARD;ONE_PAIR;FULL_HOUSE;ONE_PAIR;FULL_HOUSE;TWO_PAIR;FULL_HOUSE;Player;1;0.01%
HIGH_CARD;HIGH_CARD;ONE_PAIR;FULL_HOUSE;TWO_PAIR;THREE_OF_A_KIND;TWO_PAIR;THREE_OF_A_KIND;Player;1;0.01%
HIGH_CARD;HIGH_CARD;ONE_PAIR;HIGH_CARD;THREE_OF_A_KIND;ONE_PAIR;THREE_OF_A_KIND;FLUSH;Player;1;0.01%
ONE_PAIR;ONE_PAIR;ONE_PAIR;ONE_PAIR;ONE_PAIR;THREE_OF_A_KIND;ONE_PAIR;THREE_OF_A_KIND;Player;1;0.01%
HIGH_CARD;HIGH_CARD;ONE_PAIR;TWO_PAIR;ONE_PAIR;TWO_PAIR;TWO_PAIR;FULL_HOUSE;Player;5;0.05%
HIGH_CARD;HIGH_CARD;HIGH_CARD;HIGH_CARD;HIGH_CARD;ONE_PAIR;ONE_PAIR;TWO_PAIR;Player;75;0.75%
HIGH_CARD;HIGH_CARD;ONE_PAIR;HIGH_CARD;TWO_PAIR;ONE_PAIR;TWO_PAIR;FLUSH;Player;4;0.04%
HIGH_CARD;HIGH_CARD;STRAIGHT;ONE_PAIR;STRAIGHT;THREE_OF_A_KIND;STRAIGHT;THREE_OF_A_KIND;Player;1;0.01%
HIGH_CARD;ONE_PAIR;ONE_PAIR;ONE_PAIR;TWO_PAIR;TWO_PAIR;FULL_HOUSE;FULL_HOUSE;Player;1;0.01%
HIGH_CARD;HIGH_CARD;HIGH_CARD;STRAIGHT;HIGH_CARD;STRAIGHT;STRAIGHT;ONE_PAIR;Player;1;0.01%
HIGH_CARD;HIGH_CARD;ONE_PAIR;ONE_PAIR;TWO_PAIR;ONE_PAIR;TWO_PAIR;ONE_PAIR;Player;101;1.01%
HIGH_CARD;HIGH_CARD;ONE_PAIR;ONE_PAIR;ONE_PAIR;ONE_PAIR;ONE_PAIR;ONE_PAIR;Draw Game;9;0.09%
HIGH_CARD;HIGH_CARD;HIGH_CARD;HIGH_CARD;FLUSH;HIGH_CARD;FLUSH;HIGH_CARD;Player;12;0.12%
HIGH_CARD;ONE_PAIR;ONE_PAIR;ONE_PAIR;ONE_PAIR;ONE_PAIR;THREE_OF_A_KIND;TWO_PAIR;Player;4;0.04%
HIGH_CARD;HIGH_CARD;TWO_PAIR;HIGH_CARD;FULL_HOUSE;ONE_PAIR;FULL_HOUSE;ONE_PAIR;Player;8;0.08%
ONE_PAIR;HIGH_CARD;ONE_PAIR;ONE_PAIR;ONE_PAIR;TWO_PAIR;TWO_PAIR;FULL_HOUSE;Player;1;0.01%
HIGH_CARD;ONE_PAIR;HIGH_CARD;THREE_OF_A_KIND;HIGH_CARD;THREE_OF_A_KIND;STRAIGHT;THREE_OF_A_KIND;Player;2;0.02%
ONE_PAIR;ONE_PAIR;THREE_OF_A_KIND;ONE_PAIR;THREE_OF_A_KIND;ONE_PAIR;THREE_OF_A_KIND;ONE_PAIR;Player;2;0.02%
ONE_PAIR;HIGH_CARD;TWO_PAIR;ONE_PAIR;TWO_PAIR;ONE_PAIR;TWO_PAIR;FLUSH;Player;1;0.01%
HIGH_CARD;HIGH_CARD;HIGH_CARD;HIGH_CARD;HIGH_CARD;HIGH_CARD;FLUSH;ONE_PAIR;Player;5;0.05%
ONE_PAIR;ONE_PAIR;ONE_PAIR;ONE_PAIR;ONE_PAIR;ONE_PAIR;ONE_PAIR;ONE_PAIR;Player;12;0.12%
HIGH_CARD;HIGH_CARD;HIGH_CARD;TWO_PAIR;ONE_PAIR;FULL_HOUSE;ONE_PAIR;FULL_HOUSE;Player;12;0.12%
HIGH_CARD;ONE_PAIR;ONE_PAIR;ONE_PAIR;FLUSH;FLUSH;ONE_PAIR;ONE_PAIR;Player;1;0.01%
ONE_PAIR;ONE_PAIR;TWO_PAIR;TWO_PAIR;TWO_PAIR;TWO_PAIR;TWO_PAIR;TWO_PAIR;Player;1;0.01%
HIGH_CARD;HIGH_CARD;STRAIGHT;HIGH_CARD;STRAIGHT;HIGH_CARD;STRAIGHT;ONE_PAIR;Player;2;0.02%
ONE_PAIR;HIGH_CARD;FULL_HOUSE;ONE_PAIR;FULL_HOUSE;ONE_PAIR;FULL_HOUSE;TWO_PAIR;Player;1;0.01%
HIGH_CARD;HIGH_CARD;HIGH_CARD;HIGH_CARD;ONE_PAIR;HIGH_CARD;FLUSH;HIGH_CARD;Player;1;0.01%
HIGH_CARD;HIGH_CARD;THREE_OF_A_KIND;TWO_PAIR;THREE_OF_A_KIND;TWO_PAIR;FOUR_OF_A_KIND;FULL_HOUSE;Player;1;0.01%
HIGH_CARD;ONE_PAIR;HIGH_CARD;ONE_PAIR;HIGH_CARD;THREE_OF_A_KIND;HIGH_CARD;THREE_OF_A_KIND;Player;7;0.07%
HIGH_CARD;ONE_PAIR;HIGH_CARD;THREE_OF_A_KIND;STRAIGHT;THREE_OF_A_KIND;ONE_PAIR;FULL_HOUSE;Player;1;0.01%
HIGH_CARD;HIGH_CARD;ONE_PAIR;HIGH_CARD;THREE_OF_A_KIND;ONE_PAIR;THREE_OF_A_KIND;ONE_PAIR;Player;39;0.39%
HIGH_CARD;HIGH_CARD;HIGH_CARD;HIGH_CARD;ONE_PAIR;FLUSH;ONE_PAIR;FLUSH;Player;4;0.04%
HIGH_CARD;HIGH_CARD;HIGH_CARD;ONE_PAIR;FLUSH;ONE_PAIR;HIGH_CARD;ONE_PAIR;Player;1;0.01%
HIGH_CARD;HIGH_CARD;ONE_PAIR;TWO_PAIR;ONE_PAIR;TWO_PAIR;ONE_PAIR;FLUSH;Player;2;0.02%
HIGH_CARD;HIGH_CARD;HIGH_CARD;HIGH_CARD;HIGH_CARD;HIGH_CARD;ONE_PAIR;HIGH_CARD;Player;156;1.56%
HIGH_CARD;ONE_PAIR;HIGH_CARD;THREE_OF_A_KIND;ONE_PAIR;FOUR_OF_A_KIND;TWO_PAIR;FOUR_OF_A_KIND;Player;1;0.01%
HIGH_CARD;HIGH_CARD;ONE_PAIR;HIGH_CARD;TWO_PAIR;ONE_PAIR;FULL_HOUSE;TWO_PAIR;Player;15;0.15%
HIGH_CARD;HIGH_CARD;HIGH_CARD;ONE_PAIR;ONE_PAIR;TWO_PAIR;ONE_PAIR;FLUSH;Player;2;0.02%
HIGH_CARD;HIGH_CARD;ONE_PAIR;HIGH_CARD;ONE_PAIR;HIGH_CARD;TWO_PAIR;ONE_PAIR;Player;216;2.16%
HIGH_CARD;HIGH_CARD;HIGH_CARD;ONE_PAIR;FLUSH;ONE_PAIR;FLUSH;ONE_PAIR;Player;5;0.05%
HIGH_CARD;ONE_PAIR;ONE_PAIR;TWO_PAIR;ONE_PAIR;TWO_PAIR;FLUSH;TWO_PAIR;Player;1;0.01%
HIGH_CARD;HIGH_CARD;HIGH_CARD;ONE_PAIR;ONE_PAIR;ONE_PAIR;TWO_PAIR;TWO_PAIR;Player;29;0.29%
HIGH_CARD;HIGH_CARD;TWO_PAIR;ONE_PAIR;TWO_PAIR;TWO_PAIR;TWO_PAIR;FLUSH;Player;1;0.01%
HIGH_CARD;HIGH_CARD;TWO_PAIR;HIGH_CARD;TWO_PAIR;STRAIGHT;FULL_HOUSE;STRAIGHT;Player;1;0.01%
HIGH_CARD;ONE_PAIR;ONE_PAIR;FOUR_OF_A_KIND;ONE_PAIR;FOUR_OF_A_KIND;TWO_PAIR;FOUR_OF_A_KIND;Player;1;0.01%
HIGH_CARD;HIGH_CARD;HIGH_CARD;HIGH_CARD;ONE_PAIR;ONE_PAIR;TWO_PAIR;TWO_PAIR;Player;73;0.73%
HIGH_CARD;HIGH_CARD;THREE_OF_A_KIND;ONE_PAIR;THREE_OF_A_KIND;ONE_PAIR;THREE_OF_A_KIND;STRAIGHT;Player;1;0.01%
HIGH_CARD;HIGH_CARD;THREE_OF_A_KIND;ONE_PAIR;THREE_OF_A_KIND;ONE_PAIR;THREE_OF_A_KIND;ONE_PAIR;Player;44;0.44%
HIGH_CARD;HIGH_CARD;STRAIGHT;HIGH_CARD;STRAIGHT;HIGH_CARD;HIGH_CARD;HIGH_CARD;Player;1;0.01%
ONE_PAIR;HIGH_CARD;ONE_PAIR;HIGH_CARD;THREE_OF_A_KIND;HIGH_CARD;THREE_OF_A_KIND;ONE_PAIR;Player;1;0.01%
HIGH_CARD;HIGH_CARD;ONE_PAIR;ONE_PAIR;THREE_OF_A_KIND;THREE_OF_A_KIND;FULL_HOUSE;THREE_OF_A_KIND;Player;5;0.05%
HIGH_CARD;HIGH_CARD;HIGH_CARD;ONE_PAIR;ONE_PAIR;TWO_PAIR;STRAIGHT;TWO_PAIR;Player;1;0.01%
HIGH_CARD;HIGH_CARD;ONE_PAIR;ONE_PAIR;ONE_PAIR;ONE_PAIR;TWO_PAIR;ONE_PAIR;Player;87;0.87%
HIGH_CARD;HIGH_CARD;ONE_PAIR;ONE_PAIR;ONE_PAIR;ONE_PAIR;FLUSH;TWO_PAIR;Player;7;0.07%
ONE_PAIR;ONE_PAIR;THREE_OF_A_KIND;THREE_OF_A_KIND;THREE_OF_A_KIND;THREE_OF_A_KIND;THREE_OF_A_KIND;THREE_OF_A_KIND;Player;1;0.01%
HIGH_CARD;HIGH_CARD;ONE_PAIR;HIGH_CARD;FLUSH;FLUSH;ONE_PAIR;ONE_PAIR;Player;1;0.01%
HIGH_CARD;HIGH_CARD;THREE_OF_A_KIND;ONE_PAIR;THREE_OF_A_KIND;TWO_PAIR;THREE_OF_A_KIND;FLUSH;Player;1;0.01%
HIGH_CARD;ONE_PAIR;HIGH_CARD;THREE_OF_A_KIND;HIGH_CARD;THREE_OF_A_KIND;FLUSH;FLUSH;Player;1;0.01%
HIGH_CARD;HIGH_CARD;TWO_PAIR;ONE_PAIR;TWO_PAIR;ONE_PAIR;FLUSH;ONE_PAIR;Player;1;0.01%
HIGH_CARD;HIGH_CARD;ONE_PAIR;ONE_PAIR;TWO_PAIR;ONE_PAIR;FULL_HOUSE;THREE_OF_A_KIND;Player;3;0.03%
HIGH_CARD;HIGH_CARD;HIGH_CARD;HIGH_CARD;HIGH_CARD;HIGH_CARD;ONE_PAIR;ONE_PAIR;Player;427;4.27%
ONE_PAIR;HIGH_CARD;ONE_PAIR;HIGH_CARD;ONE_PAIR;HIGH_CARD;FLUSH;HIGH_CARD;Player;2;0.02%
HIGH_CARD;HIGH_CARD;ONE_PAIR;THREE_OF_A_KIND;THREE_OF_A_KIND;FOUR_OF_A_KIND;THREE_OF_A_KIND;FOUR_OF_A_KIND;Player;2;0.02%
HIGH_CARD;HIGH_CARD;ONE_PAIR;HIGH_CARD;TWO_PAIR;HIGH_CARD;FULL_HOUSE;ONE_PAIR;Player;8;0.08%
HIGH_CARD;ONE_PAIR;HIGH_CARD;ONE_PAIR;FLUSH;FLUSH;FLUSH;FLUSH;Player;1;0.01%
HIGH_CARD;ONE_PAIR;THREE_OF_A_KIND;TWO_PAIR;THREE_OF_A_KIND;TWO_PAIR;THREE_OF_A_KIND;TWO_PAIR;Player;1;0.01%
HIGH_CARD;HIGH_CARD;HIGH_CARD;ONE_PAIR;STRAIGHT;FLUSH;STRAIGHT;FLUSH;Player;1;0.01%
HIGH_CARD;HIGH_CARD;HIGH_CARD;HIGH_CARD;HIGH_CARD;STRAIGHT;STRAIGHT;ONE_PAIR;Player;1;0.01%
HIGH_CARD;ONE_PAIR;HIGH_CARD;ONE_PAIR;FLUSH;FLUSH;HIGH_CARD;ONE_PAIR;Player;1;0.01%
HIGH_CARD;HIGH_CARD;ONE_PAIR;HIGH_CARD;ONE_PAIR;HIGH_CARD;TWO_PAIR;STRAIGHT;Player;5;0.05%
HIGH_CARD;HIGH_CARD;HIGH_CARD;ONE_PAIR;FLUSH;FLUSH;FLUSH;FLUSH;Player;4;0.04%
HIGH_CARD;HIGH_CARD;HIGH_CARD;ONE_PAIR;HIGH_CARD;ONE_PAIR;HIGH_CARD;TWO_PAIR;Player;48;0.48%
HIGH_CARD;HIGH_CARD;ONE_PAIR;HIGH_CARD;THREE_OF_A_KIND;ONE_PAIR;FULL_HOUSE;TWO_PAIR;Player;8;0.08%
HIGH_CARD;HIGH_CARD;ONE_PAIR;ONE_PAIR;THREE_OF_A_KIND;THREE_OF_A_KIND;THREE_OF_A_KIND;FULL_HOUSE;Player;6;0.06%
HIGH_CARD;HIGH_CARD;HIGH_CARD;HIGH_CARD;ONE_PAIR;ONE_PAIR;TWO_PAIR;TWO_PAIR;Draw Game;4;0.04%
HIGH_CARD;ONE_PAIR;ONE_PAIR;THREE_OF_A_KIND;TWO_PAIR;FULL_HOUSE;TWO_PAIR;FULL_HOUSE;Player;1;0.01%
HIGH_CARD;HIGH_CARD;HIGH_CARD;ONE_PAIR;FLUSH;ONE_PAIR;FLUSH;TWO_PAIR;Player;1;0.01%
ONE_PAIR;HIGH_CARD;ONE_PAIR;ONE_PAIR;ONE_PAIR;ONE_PAIR;STRAIGHT;TWO_PAIR;Player;1;0.01%
HIGH_CARD;HIGH_CARD;HIGH_CARD;HIGH_CARD;HIGH_CARD;STRAIGHT;HIGH_CARD;HIGH_CARD;Player;2;0.02%
HIGH_CARD;HIGH_CARD;ONE_PAIR;ONE_PAIR;FLUSH;ONE_PAIR;ONE_PAIR;FLUSH;Player;1;0.01%
HIGH_CARD;HIGH_CARD;STRAIGHT;HIGH_CARD;STRAIGHT;ONE_PAIR;ONE_PAIR;ONE_PAIR;Player;1;0.01%
HIGH_CARD;ONE_PAIR;TWO_PAIR;TWO_PAIR;TWO_PAIR;FULL_HOUSE;TWO_PAIR;FULL_HOUSE;Player;1;0.01%
HIGH_CARD;HIGH_CARD;HIGH_CARD;HIGH_CARD;HIGH_CARD;ONE_PAIR;ONE_PAIR;THREE_OF_A_KIND;Player;12;0.12%
ONE_PAIR;HIGH_CARD;ONE_PAIR;HIGH_CARD;FLUSH;FLUSH;ONE_PAIR;ONE_PAIR;Player;1;0.01%
HIGH_CARD;HIGH_CARD;HIGH_CARD;ONE_PAIR;ONE_PAIR;THREE_OF_A_KIND;TWO_PAIR;FULL_HOUSE;Player;10;0.1%
ONE_PAIR;HIGH_CARD;ONE_PAIR;STRAIGHT;ONE_PAIR;STRAIGHT;TWO_PAIR;ONE_PAIR;Player;1;0.01%
ONE_PAIR;HIGH_CARD;THREE_OF_A_KIND;ONE_PAIR;FULL_HOUSE;TWO_PAIR;FULL_HOUSE;TWO_PAIR;Player;2;0.02%
HIGH_CARD;HIGH_CARD;ONE_PAIR;HIGH_CARD;ONE_PAIR;STRAIGHT;TWO_PAIR;STRAIGHT;Player;6;0.06%
HIGH_CARD;ONE_PAIR;HIGH_CARD;THREE_OF_A_KIND;HIGH_CARD;THREE_OF_A_KIND;ONE_PAIR;FULL_HOUSE;Player;7;0.07%
HIGH_CARD;HIGH_CARD;HIGH_CARD;ONE_PAIR;HIGH_CARD;ONE_PAIR;HIGH_CARD;ONE_PAIR;Player;484;4.84%
ONE_PAIR;HIGH_CARD;THREE_OF_A_KIND;HIGH_CARD;THREE_OF_A_KIND;HIGH_CARD;THREE_OF_A_KIND;FLUSH;Player;2;0.02%
ONE_PAIR;HIGH_CARD;ONE_PAIR;HIGH_CARD;ONE_PAIR;HIGH_CARD;FLUSH;ONE_PAIR;Player;1;0.01%
HIGH_CARD;HIGH_CARD;HIGH_CARD;TWO_PAIR;FLUSH;TWO_PAIR;FLUSH;TWO_PAIR;Player;1;0.01%
HIGH_CARD;HIGH_CARD;HIGH_CARD;HIGH_CARD;FLUSH;FLUSH;FLUSH;FLUSH;Player;5;0.05%
ONE_PAIR;HIGH_CARD;ONE_PAIR;HIGH_CARD;THREE_OF_A_KIND;HIGH_CARD;THREE_OF_A_KIND;HIGH_CARD;Player;4;0.04%
HIGH_CARD;HIGH_CARD;ONE_PAIR;ONE_PAIR;STRAIGHT;TWO_PAIR;STRAIGHT;TWO_PAIR;Player;1;0.01%
HIGH_CARD;HIGH_CARD;HIGH_CARD;ONE_PAIR;HIGH_CARD;TWO_PAIR;ONE_PAIR;FULL_HOUSE;Player;4;0.04%
HIGH_CARD;HIGH_CARD;ONE_PAIR;ONE_PAIR;TWO_PAIR;FLUSH;TWO_PAIR;FLUSH;Player;2;0.02%
HIGH_CARD;HIGH_CARD;ONE_PAIR;HIGH_CARD;ONE_PAIR;HIGH_CARD;STRAIGHT;STRAIGHT;Player;1;0.01%
HIGH_CARD;HIGH_CARD;HIGH_CARD;HIGH_CARD;HIGH_CARD;HIGH_CARD;ONE_PAIR;STRAIGHT;Player;12;0.12%
HIGH_CARD;ONE_PAIR;ONE_PAIR;ONE_PAIR;THREE_OF_A_KIND;TWO_PAIR;THREE_OF_A_KIND;TWO_PAIR;Player;2;0.02%
HIGH_CARD;ONE_PAIR;HIGH_CARD;THREE_OF_A_KIND;HIGH_CARD;THREE_OF_A_KIND;ONE_PAIR;FOUR_OF_A_KIND;Player;1;0.01%
HIGH_CARD;HIGH_CARD;THREE_OF_A_KIND;ONE_PAIR;THREE_OF_A_KIND;ONE_PAIR;THREE_OF_A_KIND;TWO_PAIR;Player;7;0.07%
HIGH_CARD;HIGH_CARD;HIGH_CARD;ONE_PAIR;ONE_PAIR;FLUSH;ONE_PAIR;FLUSH;Player;1;0.01%
HIGH_CARD;HIGH_CARD;FULL_HOUSE;ONE_PAIR;FULL_HOUSE;ONE_PAIR;FOUR_OF_A_KIND;THREE_OF_A_KIND;Player;1;0.01%
ONE_PAIR;HIGH_CARD;ONE_PAIR;HIGH_CARD;THREE_OF_A_KIND;HIGH_CARD;FULL_HOUSE;ONE_PAIR;Player;2;0.02%
HIGH_CARD;HIGH_CARD;STRAIGHT;HIGH_CARD;STRAIGHT;HIGH_CARD;FLUSH;FLUSH;Player;1;0.01%
HIGH_CARD;HIGH_CARD;ONE_PAIR;HIGH_CARD;TWO_PAIR;ONE_PAIR;FLUSH;FLUSH;Player;1;0.01%
HIGH_CARD;HIGH_CARD;THREE_OF_A_KIND;THREE_OF_A_KIND;THREE_OF_A_KIND;THREE_OF_A_KIND;FULL_HOUSE;THREE_OF_A_KIND;Player;1;0.01%
HIGH_CARD;ONE_PAIR;HIGH_CARD;THREE_OF_A_KIND;HIGH_CARD;THREE_OF_A_KIND;FLUSH;THREE_OF_A_KIND;Player;1;0.01%
HIGH_CARD;HIGH_CARD;ONE_PAIR;HIGH_CARD;ONE_PAIR;ONE_PAIR;TWO_PAIR;THREE_OF_A_KIND;Player;5;0.05%
HIGH_CARD;HIGH_CARD;HIGH_CARD;STRAIGHT;ONE_PAIR;HIGH_CARD;ONE_PAIR;HIGH_CARD;Player;1;0.01%
HIGH_CARD;HIGH_CARD;ONE_PAIR;TWO_PAIR;THREE_OF_A_KIND;FULL_HOUSE;STRAIGHT;FULL_HOUSE;Player;1;0.01%
HIGH_CARD;HIGH_CARD;HIGH_CARD;ONE_PAIR;ONE_PAIR;ONE_PAIR;ONE_PAIR;ONE_PAIR;Player;118;1.18%
HIGH_CARD;HIGH_CARD;HIGH_CARD;HIGH_CARD;STRAIGHT;HIGH_CARD;FLUSH;HIGH_CARD;Player;1;0.01%
HIGH_CARD;HIGH_CARD;HIGH_CARD;ONE_PAIR;ONE_PAIR;TWO_PAIR;TWO_PAIR;TWO_PAIR;Player;35;0.35%
HIGH_CARD;HIGH_CARD;HIGH_CARD;HIGH_CARD;ONE_PAIR;ONE_PAIR;FLUSH;ONE_PAIR;Player;10;0.1%
HIGH_CARD;HIGH_CARD;ONE_PAIR;ONE_PAIR;ONE_PAIR;ONE_PAIR;STRAIGHT;STRAIGHT;Player;1;0.01%
HIGH_CARD;ONE_PAIR;HIGH_CARD;ONE_PAIR;HIGH_CARD;ONE_PAIR;HIGH_CARD;FLUSH;Player;1;0.01%
HIGH_CARD;HIGH_CARD;HIGH_CARD;HIGH_CARD;HIGH_CARD;ONE_PAIR;HIGH_CARD;ONE_PAIR;Player;179;1.79%
HIGH_CARD;HIGH_CARD;ONE_PAIR;THREE_OF_A_KIND;TWO_PAIR;THREE_OF_A_KIND;FULL_HOUSE;FULL_HOUSE;Player;1;0.01%
ONE_PAIR;HIGH_CARD;TWO_PAIR;ONE_PAIR;TWO_PAIR;ONE_PAIR;TWO_PAIR;TWO_PAIR;Player;10;0.1%
HIGH_CARD;HIGH_CARD;HIGH_CARD;ONE_PAIR;HIGH_CARD;ONE_PAIR;ONE_PAIR;FLUSH;Player;6;0.06%
HIGH_CARD;HIGH_CARD;HIGH_CARD;STRAIGHT;HIGH_CARD;STRAIGHT;HIGH_CARD;STRAIGHT;Player;3;0.03%
HIGH_CARD;HIGH_CARD;ONE_PAIR;HIGH_CARD;TWO_PAIR;HIGH_CARD;TWO_PAIR;HIGH_CARD;Player;44;0.44%
HIGH_CARD;HIGH_CARD;HIGH_CARD;HIGH_CARD;HIGH_CARD;HIGH_CARD;HIGH_CARD;STRAIGHT;Player;36;0.36%
ONE_PAIR;HIGH_CARD;ONE_PAIR;HIGH_CARD;ONE_PAIR;HIGH_CARD;ONE_PAIR;ONE_PAIR;Player;13;0.13%
HIGH_CARD;HIGH_CARD;HIGH_CARD;ONE_PAIR;HIGH_CARD;STRAIGHT;HIGH_CARD;STRAIGHT;Player;1;0.01%
HIGH_CARD;HIGH_CARD;ONE_PAIR;ONE_PAIR;ONE_PAIR;FLUSH;ONE_PAIR;FLUSH;Player;5;0.05%
HIGH_CARD;HIGH_CARD;ONE_PAIR;TWO_PAIR;TWO_PAIR;TWO_PAIR;FULL_HOUSE;TWO_PAIR;Player;2;0.02%
HIGH_CARD;HIGH_CARD;ONE_PAIR;HIGH_CARD;TWO_PAIR;ONE_PAIR;TWO_PAIR;TWO_PAIR;Player;40;0.4%
ONE_PAIR;HIGH_CARD;ONE_PAIR;STRAIGHT;ONE_PAIR;HIGH_CARD;TWO_PAIR;ONE_PAIR;Player;1;0.01%
HIGH_CARD;HIGH_CARD;ONE_PAIR;HIGH_CARD;ONE_PAIR;STRAIGHT;ONE_PAIR;HIGH_CARD;Player;4;0.04%
HIGH_CARD;HIGH_CARD;ONE_PAIR;HIGH_CARD;THREE_OF_A_KIND;ONE_PAIR;THREE_OF_A_KIND;STRAIGHT;Player;2;0.02%
ONE_PAIR;HIGH_CARD;ONE_PAIR;ONE_PAIR;TWO_PAIR;TWO_PAIR;TWO_PAIR;FULL_HOUSE;Player;1;0.01%
HIGH_CARD;HIGH_CARD;HIGH_CARD;HIGH_CARD;HIGH_CARD;HIGH_CARD;FLUSH;STRAIGHT;Player;1;0.01%
HIGH_CARD;HIGH_CARD;HIGH_CARD;HIGH_CARD;HIGH_CARD;STRAIGHT;ONE_PAIR;STRAIGHT;Player;9;0.09%
HIGH_CARD;HIGH_CARD;ONE_PAIR;TWO_PAIR;THREE_OF_A_KIND;FULL_HOUSE;FULL_HOUSE;THREE_OF_A_KIND;Player;1;0.01%
ONE_PAIR;HIGH_CARD;ONE_PAIR;HIGH_CARD;ONE_PAIR;ONE_PAIR;TWO_PAIR;THREE_OF_A_KIND;Player;2;0.02%
HIGH_CARD;HIGH_CARD;TWO_PAIR;HIGH_CARD;TWO_PAIR;FLUSH;FULL_HOUSE;FLUSH;Player;1;0.01%
HIGH_CARD;ONE_PAIR;HIGH_CARD;ONE_PAIR;ONE_PAIR;ONE_PAIR;ONE_PAIR;ONE_PAIR;Player;34;0.34%
HIGH_CARD;HIGH_CARD;HIGH_CARD;TWO_PAIR;HIGH_CARD;TWO_PAIR;STRAIGHT;TWO_PAIR;Player;5;0.05%
HIGH_CARD;ONE_PAIR;HIGH_CARD;ONE_PAIR;HIGH_CARD;ONE_PAIR;STRAIGHT;ONE_PAIR;Player;7;0.07%
ONE_PAIR;HIGH_CARD;ONE_PAIR;ONE_PAIR;TWO_PAIR;TWO_PAIR;FULL_HOUSE;TWO_PAIR;Player;1;0.01%
HIGH_CARD;HIGH_CARD;ONE_PAIR;ONE_PAIR;TWO_PAIR;THREE_OF_A_KIND;FULL_HOUSE;FULL_HOUSE;Player;2;0.02%
HIGH_CARD;HIGH_CARD;TWO_PAIR;HIGH_CARD;TWO_PAIR;ONE_PAIR;TWO_PAIR;THREE_OF_A_KIND;Player;3;0.03%
HIGH_CARD;HIGH_CARD;TWO_PAIR;HIGH_CARD;TWO_PAIR;HIGH_CARD;TWO_PAIR;ONE_PAIR;Player;26;0.26%
HIGH_CARD;HIGH_CARD;THREE_OF_A_KIND;TWO_PAIR;THREE_OF_A_KIND;TWO_PAIR;THREE_OF_A_KIND;TWO_PAIR;Player;13;0.13%
HIGH_CARD;HIGH_CARD;HIGH_CARD;ONE_PAIR;HIGH_CARD;ONE_PAIR;HIGH_CARD;FLUSH;Player;10;0.1%
HIGH_CARD;HIGH_CARD;HIGH_CARD;TWO_PAIR;ONE_PAIR;TWO_PAIR;TWO_PAIR;TWO_PAIR;Player;2;0.02%
HIGH_CARD;HIGH_CARD;THREE_OF_A_KIND;ONE_PAIR;THREE_OF_A_KIND;ONE_PAIR;FULL_HOUSE;ONE_PAIR;Player;4;0.04%
HIGH_CARD;HIGH_CARD;ONE_PAIR;THREE_OF_A_KIND;THREE_OF_A_KIND;FOUR_OF_A_KIND;FLUSH;FOUR_OF_A_KIND;Player;1;0.01%
ONE_PAIR;HIGH_CARD;ONE_PAIR;HIGH_CARD;ONE_PAIR;HIGH_CARD;FLUSH;STRAIGHT_FLUSH;Player;1;0.01%
HIGH_CARD;HIGH_CARD;HIGH_CARD;ONE_PAIR;ONE_PAIR;THREE_OF_A_KIND;ONE_PAIR;FULL_HOUSE;Player;6;0.06%
HIGH_CARD;HIGH_CARD;ONE_PAIR;HIGH_CARD;TWO_PAIR;HIGH_CARD;TWO_PAIR;STRAIGHT;Player;3;0.03%
HIGH_CARD;HIGH_CARD;TWO_PAIR;HIGH_CARD;TWO_PAIR;FLUSH;TWO_PAIR;FLUSH;Player;1;0.01%
HIGH_CARD;ONE_PAIR;TWO_PAIR;ONE_PAIR;TWO_PAIR;THREE_OF_A_KIND;TWO_PAIR;THREE_OF_A_KIND;Player;2;0.02%
HIGH_CARD;HIGH_CARD;HIGH_CARD;HIGH_CARD;ONE_PAIR;ONE_PAIR;TWO_PAIR;ONE_PAIR;Player;62;0.62%
HIGH_CARD;HIGH_CARD;ONE_PAIR;HIGH_CARD;ONE_PAIR;FLUSH;ONE_PAIR;FLUSH;Player;10;0.1%
HIGH_CARD;HIGH_CARD;HIGH_CARD;ONE_PAIR;ONE_PAIR;THREE_OF_A_KIND;FLUSH;FLUSH;Player;1;0.01%
HIGH_CARD;HIGH_CARD;HIGH_CARD;HIGH_CARD;HIGH_CARD;ONE_PAIR;FLUSH;TWO_PAIR;Player;3;0.03%
ONE_PAIR;HIGH_CARD;THREE_OF_A_KIND;HIGH_CARD;THREE_OF_A_KIND;HIGH_CARD;THREE_OF_A_KIND;ONE_PAIR;Player;1;0.01%
HIGH_CARD;HIGH_CARD;ONE_PAIR;HIGH_CARD;ONE_PAIR;ONE_PAIR;ONE_PAIR;TWO_PAIR;Player;17;0.17%
HIGH_CARD;HIGH_CARD;HIGH_CARD;HIGH_CARD;HIGH_CARD;STRAIGHT;HIGH_CARD;STRAIGHT;Player;14;0.14%
HIGH_CARD;HIGH_CARD;HIGH_CARD;HIGH_CARD;STRAIGHT;HIGH_CARD;STRAIGHT;STRAIGHT;Player;1;0.01%
ONE_PAIR;HIGH_CARD;THREE_OF_A_KIND;HIGH_CARD;THREE_OF_A_KIND;HIGH_CARD;THREE_OF_A_KIND;HIGH_CARD;Player;16;0.16%
HIGH_CARD;HIGH_CARD;FLUSH;HIGH_CARD;FLUSH;STRAIGHT;FLUSH;STRAIGHT;Player;1;0.01%
HIGH_CARD;ONE_PAIR;HIGH_CARD;ONE_PAIR;STRAIGHT;ONE_PAIR;ONE_PAIR;TWO_PAIR;Player;2;0.02%
HIGH_CARD;HIGH_CARD;ONE_PAIR;STRAIGHT;ONE_PAIR;STRAIGHT;TWO_PAIR;STRAIGHT;Player;2;0.02%
HIGH_CARD;HIGH_CARD;THREE_OF_A_KIND;ONE_PAIR;THREE_OF_A_KIND;TWO_PAIR;THREE_OF_A_KIND;TWO_PAIR;Player;10;0.1%
ONE_PAIR;HIGH_CARD;FULL_HOUSE;ONE_PAIR;FULL_HOUSE;ONE_PAIR;FULL_HOUSE;ONE_PAIR;Player;3;0.03%
HIGH_CARD;HIGH_CARD;HIGH_CARD;ONE_PAIR;HIGH_CARD;TWO_PAIR;FLUSH;TWO_PAIR;Player;2;0.02%
ONE_PAIR;HIGH_CARD;ONE_PAIR;HIGH_CARD;ONE_PAIR;FLUSH;ONE_PAIR;FLUSH;Player;2;0.02%
ONE_PAIR;HIGH_CARD;TWO_PAIR;ONE_PAIR;FULL_HOUSE;ONE_PAIR;FOUR_OF_A_KIND;TWO_PAIR;Player;2;0.02%
HIGH_CARD;HIGH_CARD;HIGH_CARD;FLUSH;HIGH_CARD;FLUSH;HIGH_CARD;ONE_PAIR;Player;1;0.01%
HIGH_CARD;HIGH_CARD;HIGH_CARD;HIGH_CARD;ONE_PAIR;STRAIGHT;ONE_PAIR;STRAIGHT;Player;4;0.04%
HIGH_CARD;HIGH_CARD;HIGH_CARD;ONE_PAIR;ONE_PAIR;THREE_OF_A_KIND;TWO_PAIR;THREE_OF_A_KIND;Player;5;0.05%
HIGH_CARD;HIGH_CARD;HIGH_CARD;ONE_PAIR;STRAIGHT;ONE_PAIR;ONE_PAIR;TWO_PAIR;Player;1;0.01%
ONE_PAIR;HIGH_CARD;TWO_PAIR;ONE_PAIR;TWO_PAIR;ONE_PAIR;FLUSH;FLUSH;Player;1;0.01%
HIGH_CARD;HIGH_CARD;ONE_PAIR;HIGH_CARD;TWO_PAIR;STRAIGHT;TWO_PAIR;ONE_PAIR;Player;1;0.01%
HIGH_CARD;HIGH_CARD;HIGH_CARD;HIGH_CARD;HIGH_CARD;HIGH_CARD;HIGH_CARD;FLUSH;Player;17;0.17%
HIGH_CARD;ONE_PAIR;HIGH_CARD;ONE_PAIR;HIGH_CARD;THREE_OF_A_KIND;ONE_PAIR;FULL_HOUSE;Player;1;0.01%
HIGH_CARD;HIGH_CARD;ONE_PAIR;TWO_PAIR;ONE_PAIR;TWO_PAIR;FLUSH;FLUSH;Player;1;0.01%
HIGH_CARD;ONE_PAIR;ONE_PAIR;TWO_PAIR;TWO_PAIR;TWO_PAIR;FULL_HOUSE;FULL_HOUSE;Player;1;0.01%
HIGH_CARD;HIGH_CARD;ONE_PAIR;TWO_PAIR;ONE_PAIR;TWO_PAIR;THREE_OF_A_KIND;FULL_HOUSE;Player;2;0.02%
HIGH_CARD;ONE_PAIR;HIGH_CARD;ONE_PAIR;HIGH_CARD;ONE_PAIR;ONE_PAIR;ONE_PAIR;Player;23;0.23%
HIGH_CARD;ONE_PAIR;TWO_PAIR;ONE_PAIR;TWO_PAIR;ONE_PAIR;TWO_PAIR;TWO_PAIR;Player;1;0.01%
HIGH_CARD;ONE_PAIR;HIGH_CARD;ONE_PAIR;FLUSH;ONE_PAIR;FLUSH;ONE_PAIR;Player;2;0.02%
HIGH_CARD;HIGH_CARD;HIGH_CARD;HIGH_CARD;HIGH_CARD;STRAIGHT;STRAIGHT;STRAIGHT;Player;1;0.01%
HIGH_CARD;HIGH_CARD;ONE_PAIR;HIGH_CARD;ONE_PAIR;STRAIGHT;ONE_PAIR;ONE_PAIR;Player;1;0.01%
HIGH_CARD;HIGH_CARD;ONE_PAIR;ONE_PAIR;ONE_PAIR;ONE_PAIR;TWO_PAIR;TWO_PAIR;Draw Game;4;0.04%
HIGH_CARD;HIGH_CARD;HIGH_CARD;ONE_PAIR;ONE_PAIR;THREE_OF_A_KIND;THREE_OF_A_KIND;FOUR_OF_A_KIND;Player;2;0.02%
HIGH_CARD;ONE_PAIR;ONE_PAIR;TWO_PAIR;THREE_OF_A_KIND;FULL_HOUSE;FULL_HOUSE;FULL_HOUSE;Player;1;0.01%
HIGH_CARD;HIGH_CARD;HIGH_CARD;TWO_PAIR;HIGH_CARD;TWO_PAIR;ONE_PAIR;TWO_PAIR;Player;19;0.19%
HIGH_CARD;HIGH_CARD;TWO_PAIR;ONE_PAIR;FULL_HOUSE;TWO_PAIR;THREE_OF_A_KIND;FULL_HOUSE;Player;2;0.02%
HIGH_CARD;HIGH_CARD;HIGH_CARD;ONE_PAIR;ONE_PAIR;ONE_PAIR;ONE_PAIR;FLUSH;Player;2;0.02%
HIGH_CARD;HIGH_CARD;ONE_PAIR;ONE_PAIR;ONE_PAIR;TWO_PAIR;TWO_PAIR;FULL_HOUSE;Player;10;0.1%
HIGH_CARD;HIGH_CARD;ONE_PAIR;STRAIGHT;ONE_PAIR;ONE_PAIR;ONE_PAIR;ONE_PAIR;Player;1;0.01%
HIGH_CARD;HIGH_CARD;ONE_PAIR;HIGH_CARD;ONE_PAIR;FLUSH;TWO_PAIR;HIGH_CARD;Player;1;0.01%
HIGH_CARD;HIGH_CARD;HIGH_CARD;HIGH_CARD;ONE_PAIR;ONE_PAIR;STRAIGHT;ONE_PAIR;Player;3;0.03%
ONE_PAIR;HIGH_CARD;THREE_OF_A_KIND;HIGH_CARD;FULL_HOUSE;ONE_PAIR;FULL_HOUSE;ONE_PAIR;Player;3;0.03%
HIGH_CARD;HIGH_CARD;ONE_PAIR;STRAIGHT;ONE_PAIR;HIGH_CARD;THREE_OF_A_KIND;STRAIGHT;Player;1;0.01%
ONE_PAIR;ONE_PAIR;ONE_PAIR;ONE_PAIR;TWO_PAIR;TWO_PAIR;FULL_HOUSE;FULL_HOUSE;Player;1;0.01%
HIGH_CARD;HIGH_CARD;TWO_PAIR;HIGH_CARD;TWO_PAIR;HIGH_CARD;TWO_PAIR;HIGH_CARD;Player;47;0.47%
HIGH_CARD;HIGH_CARD;ONE_PAIR;ONE_PAIR;TWO_PAIR;ONE_PAIR;FULL_HOUSE;TWO_PAIR;Player;12;0.12%
HIGH_CARD;HIGH_CARD;HIGH_CARD;STRAIGHT;HIGH_CARD;STRAIGHT;STRAIGHT;STRAIGHT;Player;2;0.02%
HIGH_CARD;HIGH_CARD;TWO_PAIR;ONE_PAIR;TWO_PAIR;ONE_PAIR;TWO_PAIR;FLUSH;Player;5;0.05%
HIGH_CARD;ONE_PAIR;HIGH_CARD;ONE_PAIR;ONE_PAIR;ONE_PAIR;TWO_PAIR;TWO_PAIR;Player;2;0.02%
HIGH_CARD;HIGH_CARD;ONE_PAIR;THREE_OF_A_KIND;TWO_PAIR;FULL_HOUSE;TWO_PAIR;FULL_HOUSE;Player;7;0.07%
HIGH_CARD;ONE_PAIR;ONE_PAIR;TWO_PAIR;ONE_PAIR;FULL_HOUSE;STRAIGHT;FULL_HOUSE;Player;1;0.01%
HIGH_CARD;HIGH_CARD;ONE_PAIR;STRAIGHT;ONE_PAIR;STRAIGHT;ONE_PAIR;FLUSH;Player;1;0.01%
ONE_PAIR;ONE_PAIR;TWO_PAIR;FULL_HOUSE;TWO_PAIR;FULL_HOUSE;TWO_PAIR;FULL_HOUSE;Player;1;0.01%
ONE_PAIR;HIGH_CARD;ONE_PAIR;ONE_PAIR;ONE_PAIR;ONE_PAIR;ONE_PAIR;TWO_PAIR;Player;5;0.05%
ONE_PAIR;ONE_PAIR;THREE_OF_A_KIND;ONE_PAIR;THREE_OF_A_KIND;ONE_PAIR;FULL_HOUSE;TWO_PAIR;Player;1;0.01%
HIGH_CARD;HIGH_CARD;TWO_PAIR;THREE_OF_A_KIND;TWO_PAIR;FULL_HOUSE;FULL_HOUSE;FULL_HOUSE;Player;1;0.01%
HIGH_CARD;HIGH_CARD;TWO_PAIR;HIGH_CARD;FULL_HOUSE;ONE_PAIR;FULL_HOUSE;TWO_PAIR;Player;4;0.04%
ONE_PAIR;HIGH_CARD;THREE_OF_A_KIND;HIGH_CARD;THREE_OF_A_KIND;HIGH_CARD;FULL_HOUSE;ONE_PAIR;Player;7;0.07%
HIGH_CARD;ONE_PAIR;HIGH_CARD;ONE_PAIR;STRAIGHT;ONE_PAIR;STRAIGHT;ONE_PAIR;Player;1;0.01%
HIGH_CARD;HIGH_CARD;ONE_PAIR;TWO_PAIR;TWO_PAIR;FULL_HOUSE;FULL_HOUSE;FULL_HOUSE;Player;1;0.01%
HIGH_CARD;ONE_PAIR;ONE_PAIR;THREE_OF_A_KIND;ONE_PAIR;THREE_OF_A_KIND;FLUSH;FLUSH;Player;1;0.01%
ONE_PAIR;ONE_PAIR;ONE_PAIR;ONE_PAIR;ONE_PAIR;ONE_PAIR;ONE_PAIR;THREE_OF_A_KIND;Player;1;0.01%
HIGH_CARD;HIGH_CARD;HIGH_CARD;ONE_PAIR;FLUSH;TWO_PAIR;FLUSH;FULL_HOUSE;Player;1;0.01%
HIGH_CARD;ONE_PAIR;ONE_PAIR;FOUR_OF_A_KIND;ONE_PAIR;FOUR_OF_A_KIND;ONE_PAIR;FOUR_OF_A_KIND;Player;2;0.02%
HIGH_CARD;HIGH_CARD;STRAIGHT;ONE_PAIR;ONE_PAIR;THREE_OF_A_KIND;ONE_PAIR;THREE_OF_A_KIND;Player;1;0.01%
HIGH_CARD;HIGH_CARD;TWO_PAIR;ONE_PAIR;TWO_PAIR;ONE_PAIR;FULL_HOUSE;TWO_PAIR;Player;7;0.07%
HIGH_CARD;HIGH_CARD;ONE_PAIR;THREE_OF_A_KIND;ONE_PAIR;THREE_OF_A_KIND;TWO_PAIR;THREE_OF_A_KIND;Player;10;0.1%
HIGH_CARD;HIGH_CARD;ONE_PAIR;HIGH_CARD;TWO_PAIR;STRAIGHT;TWO_PAIR;STRAIGHT;Player;1;0.01%
HIGH_CARD;HIGH_CARD;HIGH_CARD;HIGH_CARD;STRAIGHT;STRAIGHT;STRAIGHT;ONE_PAIR;Player;1;0.01%
HIGH_CARD;HIGH_CARD;ONE_PAIR;ONE_PAIR;TWO_PAIR;ONE_PAIR;TWO_PAIR;THREE_OF_A_KIND;Player;2;0.02%
HIGH_CARD;HIGH_CARD;ONE_PAIR;ONE_PAIR;TWO_PAIR;TWO_PAIR;TWO_PAIR;TWO_PAIR;Draw Game;3;0.03%
HIGH_CARD;HIGH_CARD;ONE_PAIR;ONE_PAIR;THREE_OF_A_KIND;THREE_OF_A_KIND;FOUR_OF_A_KIND;FOUR_OF_A_KIND;Player;1;0.01%
HIGH_CARD;HIGH_CARD;ONE_PAIR;ONE_PAIR;TWO_PAIR;TWO_PAIR;TWO_PAIR;FLUSH;Player;1;0.01%
HIGH_CARD;ONE_PAIR;ONE_PAIR;THREE_OF_A_KIND;TWO_PAIR;THREE_OF_A_KIND;TWO_PAIR;THREE_OF_A_KIND;Player;2;0.02%
HIGH_CARD;HIGH_CARD;ONE_PAIR;ONE_PAIR;TWO_PAIR;ONE_PAIR;TWO_PAIR;FLUSH;Player;1;0.01%
HIGH_CARD;HIGH_CARD;ONE_PAIR;TWO_PAIR;ONE_PAIR;TWO_PAIR;TWO_PAIR;FLUSH;Player;1;0.01%
HIGH_CARD;HIGH_CARD;HIGH_CARD;HIGH_CARD;HIGH_CARD;FLUSH;ONE_PAIR;FLUSH;Player;14;0.14%
HIGH_CARD;HIGH_CARD;THREE_OF_A_KIND;ONE_PAIR;THREE_OF_A_KIND;ONE_PAIR;FOUR_OF_A_KIND;THREE_OF_A_KIND;Player;2;0.02%
HIGH_CARD;HIGH_CARD;HIGH_CARD;HIGH_CARD;ONE_PAIR;HIGH_CARD;ONE_PAIR;STRAIGHT;Player;8;0.08%
HIGH_CARD;HIGH_CARD;ONE_PAIR;HIGH_CARD;FLUSH;HIGH_CARD;ONE_PAIR;HIGH_CARD;Player;1;0.01%
HIGH_CARD;ONE_PAIR;TWO_PAIR;TWO_PAIR;FULL_HOUSE;TWO_PAIR;FULL_HOUSE;TWO_PAIR;Player;1;0.01%
HIGH_CARD;HIGH_CARD;ONE_PAIR;HIGH_CARD;TWO_PAIR;HIGH_CARD;TWO_PAIR;ONE_PAIR;Player;18;0.18%
HIGH_CARD;HIGH_CARD;ONE_PAIR;FULL_HOUSE;TWO_PAIR;FULL_HOUSE;TWO_PAIR;FULL_HOUSE;Player;2;0.02%
HIGH_CARD;HIGH_CARD;HIGH_CARD;FLUSH;HIGH_CARD;FLUSH;FLUSH;ONE_PAIR;Player;1;0.01%
ONE_PAIR;HIGH_CARD;TWO_PAIR;ONE_PAIR;FULL_HOUSE;THREE_OF_A_KIND;FULL_HOUSE;THREE_OF_A_KIND;Player;1;0.01%
HIGH_CARD;HIGH_CARD;THREE_OF_A_KIND;THREE_OF_A_KIND;THREE_OF_A_KIND;THREE_OF_A_KIND;THREE_OF_A_KIND;THREE_OF_A_KIND;Player;13;0.13%
ONE_PAIR;HIGH_CARD;ONE_PAIR;ONE_PAIR;ONE_PAIR;FLUSH;TWO_PAIR;FLUSH;Player;1;0.01%
HIGH_CARD;HIGH_CARD;HIGH_CARD;ONE_PAIR;HIGH_CARD;ONE_PAIR;ONE_PAIR;THREE_OF_A_KIND;Player;39;0.39%
HIGH_CARD;HIGH_CARD;HIGH_CARD;TWO_PAIR;ONE_PAIR;TWO_PAIR;THREE_OF_A_KIND;FULL_HOUSE;Player;1;0.01%
HIGH_CARD;HIGH_CARD;HIGH_CARD;HIGH_CARD;HIGH_CARD;STRAIGHT;ONE_PAIR;FLUSH;Player;1;0.01%
HIGH_CARD;HIGH_CARD;HIGH_CARD;HIGH_CARD;STRAIGHT;HIGH_CARD;STRAIGHT;ONE_PAIR;Player;12;0.12%
HIGH_CARD;HIGH_CARD;HIGH_CARD;HIGH_CARD;HIGH_CARD;HIGH_CARD;FLUSH;HIGH_CARD;Player;18;0.18%
HIGH_CARD;HIGH_CARD;ONE_PAIR;ONE_PAIR;ONE_PAIR;TWO_PAIR;THREE_OF_A_KIND;FULL_HOUSE;Player;9;0.09%
HIGH_CARD;HIGH_CARD;HIGH_CARD;ONE_PAIR;ONE_PAIR;ONE_PAIR;FLUSH;TWO_PAIR;Player;1;0.01%
HIGH_CARD;HIGH_CARD;HIGH_CARD;HIGH_CARD;ONE_PAIR;HIGH_CARD;ONE_PAIR;ONE_PAIR;Player;31;0.31%
HIGH_CARD;HIGH_CARD;TWO_PAIR;HIGH_CARD;TWO_PAIR;ONE_PAIR;TWO_PAIR;ONE_PAIR;Player;16;0.16%
ONE_PAIR;HIGH_CARD;THREE_OF_A_KIND;HIGH_CARD;THREE_OF_A_KIND;ONE_PAIR;THREE_OF_A_KIND;TWO_PAIR;Player;1;0.01%
HIGH_CARD;ONE_PAIR;HIGH_CARD;ONE_PAIR;FLUSH;THREE_OF_A_KIND;FLUSH;THREE_OF_A_KIND;Player;1;0.01%
HIGH_CARD;HIGH_CARD;HIGH_CARD;TWO_PAIR;ONE_PAIR;FULL_HOUSE;TWO_PAIR;FULL_HOUSE;Player;2;0.02%
ONE_PAIR;HIGH_CARD;TWO_PAIR;ONE_PAIR;TWO_PAIR;ONE_PAIR;FULL_HOUSE;ONE_PAIR;Player;2;0.02%
HIGH_CARD;HIGH_CARD;FLUSH;HIGH_CARD;FLUSH;HIGH_CARD;FLUSH;STRAIGHT;Player;1;0.01%
HIGH_CARD;ONE_PAIR;FULL_HOUSE;TWO_PAIR;FULL_HOUSE;TWO_PAIR;FULL_HOUSE;TWO_PAIR;Player;1;0.01%
ONE_PAIR;HIGH_CARD;ONE_PAIR;HIGH_CARD;TWO_PAIR;ONE_PAIR;FULL_HOUSE;ONE_PAIR;Player;1;0.01%
HIGH_CARD;HIGH_CARD;HIGH_CARD;HIGH_CARD;ONE_PAIR;HIGH_CARD;TWO_PAIR;HIGH_CARD;Player;15;0.15%
HIGH_CARD;HIGH_CARD;ONE_PAIR;THREE_OF_A_KIND;ONE_PAIR;THREE_OF_A_KIND;FLUSH;THREE_OF_A_KIND;Player;1;0.01%
HIGH_CARD;HIGH_CARD;HIGH_CARD;ONE_PAIR;ONE_PAIR;TWO_PAIR;ONE_PAIR;TWO_PAIR;Player;148;1.48%
HIGH_CARD;HIGH_CARD;ONE_PAIR;TWO_PAIR;TWO_PAIR;FULL_HOUSE;TWO_PAIR;FULL_HOUSE;Player;8;0.08%
ONE_PAIR;ONE_PAIR;ONE_PAIR;ONE_PAIR;TWO_PAIR;TWO_PAIR;TWO_PAIR;TWO_PAIR;Player;7;0.07%
HIGH_CARD;HIGH_CARD;HIGH_CARD;FLUSH;ONE_PAIR;FLUSH;ONE_PAIR;FLUSH;Player;1;0.01%
HIGH_CARD;HIGH_CARD;TWO_PAIR;HIGH_CARD;TWO_PAIR;ONE_PAIR;TWO_PAIR;FLUSH;Player;1;0.01%
HIGH_CARD;HIGH_CARD;HIGH_CARD;HIGH_CARD;STRAIGHT;ONE_PAIR;ONE_PAIR;STRAIGHT;Player;1;0.01%
HIGH_CARD;HIGH_CARD;HIGH_CARD;HIGH_CARD;STRAIGHT;HIGH_CARD;HIGH_CARD;HIGH_CARD;Player;3;0.03%
HIGH_CARD;ONE_PAIR;ONE_PAIR;ONE_PAIR;ONE_PAIR;ONE_PAIR;ONE_PAIR;THREE_OF_A_KIND;Player;3;0.03%
HIGH_CARD;HIGH_CARD;THREE_OF_A_KIND;ONE_PAIR;THREE_OF_A_KIND;ONE_PAIR;THREE_OF_A_KIND;FLUSH;Player;3;0.03%
HIGH_CARD;HIGH_CARD;ONE_PAIR;HIGH_CARD;ONE_PAIR;ONE_PAIR;FLUSH;FLUSH;Player;1;0.01%
HIGH_CARD;HIGH_CARD;STRAIGHT;TWO_PAIR;ONE_PAIR;TWO_PAIR;TWO_PAIR;TWO_PAIR;Player;1;0.01%
HIGH_CARD;HIGH_CARD;ONE_PAIR;THREE_OF_A_KIND;ONE_PAIR;FULL_HOUSE;TWO_PAIR;THREE_OF_A_KIND;Player;1;0.01%
ONE_PAIR;HIGH_CARD;TWO_PAIR;ONE_PAIR;TWO_PAIR;ONE_PAIR;FULL_HOUSE;THREE_OF_A_KIND;Player;2;0.02%
HIGH_CARD;HIGH_CARD;HIGH_CARD;ONE_PAIR;HIGH_CARD;TWO_PAIR;FLUSH;FULL_HOUSE;Player;1;0.01%
ONE_PAIR;HIGH_CARD;ONE_PAIR;ONE_PAIR;THREE_OF_A_KIND;ONE_PAIR;FULL_HOUSE;TWO_PAIR;Player;1;0.01%
HIGH_CARD;HIGH_CARD;ONE_PAIR;HIGH_CARD;TWO_PAIR;STRAIGHT;TWO_PAIR;HIGH_CARD;Player;1;0.01%
HIGH_CARD;HIGH_CARD;STRAIGHT;HIGH_CARD;HIGH_CARD;HIGH_CARD;HIGH_CARD;HIGH_CARD;Player;1;0.01%
